timestamp,title,sentiment
2020-01-09 15:17:18+00:00,"Wells Fargo Maintains Equal-Weight on Infosys, Raises Price Target to $10.5",NEGATIVE
2020-01-10 17:29:44+00:00,40 Stocks Moving In Friday's Mid-Day Session,NEGATIVE
2020-01-10 12:40:50+00:00,13 Technology Stocks Moving In Friday's Pre-Market Session,POSITIVE
2020-01-10 12:26:40+00:00,33 Stocks Moving in Friday's Pre-Market Session,POSITIVE
2020-01-10 10:52:55+00:00,Infosys Says Audit Committee Concludes Investigation Into Whistleblower Allegations; Says Finds Claims Without Merit,NEGATIVE
2020-01-10 09:40:36+00:00,"6 Stocks To Watch For January 10, 2020",POSITIVE
2020-01-10 09:18:33+00:00,"Earnings Scheduled For January 10, 2020",POSITIVE
2020-01-09 15:17:18+00:00,"Wells Fargo Maintains Equal-Weight on Infosys, Raises Price Target to $10.5",NEGATIVE
2020-01-10 17:29:44+00:00,40 Stocks Moving In Friday's Mid-Day Session,NEGATIVE
2020-01-10 12:40:50+00:00,13 Technology Stocks Moving In Friday's Pre-Market Session,POSITIVE
2020-01-10 12:26:40+00:00,33 Stocks Moving in Friday's Pre-Market Session,POSITIVE
2020-01-10 10:52:55+00:00,Infosys Says Audit Committee Concludes Investigation Into Whistleblower Allegations; Says Finds Claims Without Merit,NEGATIVE
2020-01-10 09:40:36+00:00,"6 Stocks To Watch For January 10, 2020",POSITIVE
2020-01-10 09:18:33+00:00,"Earnings Scheduled For January 10, 2020",POSITIVE
2020-01-14 06:58:56+00:00,"Microsoft CEO Criticizes India's Exclusionary Citizenship Law, Compares To US Experience",NEGATIVE
2020-01-14 06:58:56+00:00,"Microsoft CEO Criticizes India's Exclusionary Citizenship Law, Compares To US Experience",NEGATIVE
2020-01-23 14:55:01+00:00,Indian Market Regulator Considers Forensic Audit To Reconfirm Findings Of Infosys' Internal Probe,NEGATIVE
2020-01-23 14:54:27+00:00,India's Market Regulator Says May Probe Whistleblower Charges Against Infosys,NEGATIVE
2020-01-23 14:55:01+00:00,Indian Market Regulator Considers Forensic Audit To Reconfirm Findings Of Infosys' Internal Probe,NEGATIVE
2020-01-23 14:54:27+00:00,India's Market Regulator Says May Probe Whistleblower Charges Against Infosys,NEGATIVE
2020-01-29 11:32:16+00:00,Morgan Stanley Upgrades Infosys to Overweight,NEGATIVE
2020-01-30 14:23:46+00:00,Infosys Earlier Announced A Partnership With ABN AMRO To Accelerate Its Cloud and DevOps Transformation Journey,NEGATIVE
2020-01-29 11:32:16+00:00,Morgan Stanley Upgrades Infosys to Overweight,NEGATIVE
2020-01-30 14:23:46+00:00,Infosys Earlier Announced A Partnership With ABN AMRO To Accelerate Its Cloud and DevOps Transformation Journey,NEGATIVE
2020-02-10 20:35:16+00:00,"Infosys To Purchase Simplus, No Terms Disclosed",NEGATIVE
2020-02-10 20:35:16+00:00,"Infosys To Purchase Simplus, No Terms Disclosed",NEGATIVE
2020-02-18 15:11:37+00:00,"Benzinga's Top Upgrades, Downgrades For February 18, 2020",NEGATIVE
2020-02-18 11:21:59+00:00,"Goldman Sachs Upgrades Infosys to Buy, Raises Price Target to $13.53",NEGATIVE
2020-02-18 09:13:59+00:00,Dell Is Expected To Announce RSA Security Business Sale On Tuesday,NEGATIVE
2020-02-18 15:11:37+00:00,"Benzinga's Top Upgrades, Downgrades For February 18, 2020",NEGATIVE
2020-02-18 11:21:59+00:00,"Goldman Sachs Upgrades Infosys to Buy, Raises Price Target to $13.53",NEGATIVE
2020-02-18 09:13:59+00:00,Dell Is Expected To Announce RSA Security Business Sale On Tuesday,NEGATIVE
2020-02-20 15:05:49+00:00,"Benzinga's Top Upgrades, Downgrades For February 20, 2020",NEGATIVE
2020-02-20 14:14:45+00:00,JP Morgan Initiates Coverage On Infosys with Overweight Rating,NEGATIVE
2020-02-20 15:05:49+00:00,"Benzinga's Top Upgrades, Downgrades For February 20, 2020",NEGATIVE
2020-02-20 14:14:45+00:00,JP Morgan Initiates Coverage On Infosys with Overweight Rating,NEGATIVE
2020-03-02 20:42:40+00:00,"Infosys Says As Part Of Relationship, Infosys Will Also Offer Its Clients Access To Red Hat's Portfolio Of Open Source Offerings On IBM Public Cloud",POSITIVE
2020-03-03 14:15:17+00:00,Infosys Earlier Announced A Strategic Long-Term Partnership With K+S AG To Transform K+S' Infrastructure To NextGen Agile And Flexible Hybrid Cloud,POSITIVE
2020-03-02 20:42:40+00:00,"Infosys Says As Part Of Relationship, Infosys Will Also Offer Its Clients Access To Red Hat's Portfolio Of Open Source Offerings On IBM Public Cloud",POSITIVE
2020-03-03 14:15:17+00:00,Infosys Earlier Announced A Strategic Long-Term Partnership With K+S AG To Transform K+S' Infrastructure To NextGen Agile And Flexible Hybrid Cloud,POSITIVE
2020-03-12 16:10:12+00:00,Stocks That Hit 52-Week Lows On Thursday,NEGATIVE
2020-03-12 16:10:12+00:00,Stocks That Hit 52-Week Lows On Thursday,NEGATIVE
2020-03-16 15:51:23+00:00,Stocks That Hit 52-Week Lows On Monday,NEGATIVE
2020-03-16 15:51:23+00:00,Stocks That Hit 52-Week Lows On Monday,NEGATIVE
2020-03-18 15:37:49+00:00,Stocks That Hit 52-Week Lows On Wednesday,NEGATIVE
2020-03-18 15:37:49+00:00,Stocks That Hit 52-Week Lows On Wednesday,NEGATIVE
2020-03-23 14:34:27+00:00,Stocks That Hit 52-Week Lows On Monday,NEGATIVE
2020-03-23 11:45:18+00:00,9 Technology Stocks Moving In Monday's Pre-Market Session,NEGATIVE
2020-03-23 14:34:27+00:00,Stocks That Hit 52-Week Lows On Monday,NEGATIVE
2020-03-23 11:45:18+00:00,9 Technology Stocks Moving In Monday's Pre-Market Session,NEGATIVE
2020-04-14 13:53:42+00:00,"Wells Fargo Maintains Equal-Weight on Infosys, Lowers Price Target to $9",NEGATIVE
2020-04-14 13:53:42+00:00,"Wells Fargo Maintains Equal-Weight on Infosys, Lowers Price Target to $9",NEGATIVE
2020-04-20 13:31:51+00:00,Infosys: Q4 Earnings Insights,NEGATIVE
2020-04-20 08:06:03+00:00,"Earnings Scheduled For April 20, 2020",NEGATIVE
2020-04-21 15:36:10+00:00,"CFRA Upgrades Infosys to Buy, Lowers Price Target to $9.5",NEGATIVE
2020-04-21 14:30:00+00:00,"BMO Capital Maintains Market Perform on Infosys, Raises Price Target to $9.5",NEGATIVE
2020-04-20 13:31:51+00:00,Infosys: Q4 Earnings Insights,NEGATIVE
2020-04-20 08:06:03+00:00,"Earnings Scheduled For April 20, 2020",NEGATIVE
2020-04-21 15:36:10+00:00,"CFRA Upgrades Infosys to Buy, Lowers Price Target to $9.5",NEGATIVE
2020-04-21 14:30:00+00:00,"BMO Capital Maintains Market Perform on Infosys, Raises Price Target to $9.5",NEGATIVE
2020-04-23 11:35:43+00:00,12 Technology Stocks Moving In Thursday's Pre-Market Session,NEGATIVE
2020-04-23 11:35:43+00:00,12 Technology Stocks Moving In Thursday's Pre-Market Session,NEGATIVE
2020-04-29 14:53:30+00:00,"Shares of several technology companies are trading higher amid market strength following positive data from a study of Gilead's Remdesivir, which is being evaluated for coronavirus. A successful treatment could mean a sooner return to economic activity.",POSITIVE
2020-04-29 14:53:30+00:00,"Shares of several technology companies are trading higher amid market strength following positive data from a study of Gilead's Remdesivir, which is being evaluated for coronavirus. A successful treatment could mean a sooner return to economic activity.",POSITIVE
2020-05-13 10:12:58+00:00,Infosys Selected As Digital Transformation Partner For GLOBALFOUNDRIES' Digital Leadership Program,POSITIVE
2020-05-13 10:12:58+00:00,Infosys Selected As Digital Transformation Partner For GLOBALFOUNDRIES' Digital Leadership Program,POSITIVE
2020-06-23 11:43:26+00:00,13 Technology Stocks Moving In Tuesday's Pre-Market Session,NEGATIVE
2020-06-24 15:22:16+00:00,Trump's Employment Visa Suspension Under Fire From Business And Tech Leaders,NEGATIVE
2020-06-23 11:43:26+00:00,13 Technology Stocks Moving In Tuesday's Pre-Market Session,NEGATIVE
2020-06-24 15:22:16+00:00,Trump's Employment Visa Suspension Under Fire From Business And Tech Leaders,NEGATIVE
2020-06-26 11:46:53+00:00,14 Technology Stocks Moving In Friday's Pre-Market Session,NEGATIVE
2020-06-26 11:46:53+00:00,14 Technology Stocks Moving In Friday's Pre-Market Session,NEGATIVE
2020-07-15 16:42:58+00:00,64 Stocks Moving In Wednesday's Mid-Day Session,NEGATIVE
2020-07-15 14:48:42+00:00,Stocks That Hit 52-Week Highs On Wednesday,POSITIVE
2020-07-15 14:24:02+00:00,P/E Ratio Insights for Infosys,POSITIVE
2020-07-15 11:42:40+00:00,Infosys: Q1 Earnings Insights,NEGATIVE
2020-07-15 08:08:21+00:00,"Earnings Scheduled For July 15, 2020",NEGATIVE
2020-07-16 15:44:21+00:00,Nomura Instinet Upgrades Infosys to Buy,NEGATIVE
2020-07-16 13:33:34+00:00,"Benzinga's Top Upgrades, Downgrades For July 16, 2020",NEGATIVE
2020-07-16 11:42:56+00:00,"Wedbush Upgrades Infosys to Outperform, Raises Price Target to $14",NEGATIVE
2020-07-16 09:07:29+00:00,88 Biggest Movers From Yesterday,NEGATIVE
2020-07-15 16:42:58+00:00,64 Stocks Moving In Wednesday's Mid-Day Session,NEGATIVE
2020-07-15 14:48:42+00:00,Stocks That Hit 52-Week Highs On Wednesday,POSITIVE
2020-07-15 14:24:02+00:00,P/E Ratio Insights for Infosys,POSITIVE
2020-07-15 11:42:40+00:00,Infosys: Q1 Earnings Insights,NEGATIVE
2020-07-15 08:08:21+00:00,"Earnings Scheduled For July 15, 2020",NEGATIVE
2020-07-16 15:44:21+00:00,Nomura Instinet Upgrades Infosys to Buy,NEGATIVE
2020-07-16 13:33:34+00:00,"Benzinga's Top Upgrades, Downgrades For July 16, 2020",NEGATIVE
2020-07-16 11:42:56+00:00,"Wedbush Upgrades Infosys to Outperform, Raises Price Target to $14",NEGATIVE
2020-07-16 09:07:29+00:00,88 Biggest Movers From Yesterday,NEGATIVE
2020-07-21 15:24:38+00:00,Stocks That Hit 52-Week Highs On Tuesday,POSITIVE
2020-07-21 15:24:38+00:00,Stocks That Hit 52-Week Highs On Tuesday,POSITIVE
2020-07-27 14:21:37+00:00,Stocks That Hit 52-Week Highs On Monday,POSITIVE
2020-07-28 14:45:13+00:00,Stocks That Hit 52-Week Highs On Tuesday,POSITIVE
2020-07-27 14:21:37+00:00,Stocks That Hit 52-Week Highs On Monday,POSITIVE
2020-07-29 14:38:48+00:00,Stocks That Hit 52-Week Highs On Wednesday,POSITIVE
2020-07-28 14:45:13+00:00,Stocks That Hit 52-Week Highs On Tuesday,POSITIVE
2020-07-30 14:22:28+00:00,Stocks That Hit 52-Week Highs On Thursday,POSITIVE
2020-07-29 14:38:48+00:00,Stocks That Hit 52-Week Highs On Wednesday,POSITIVE
2020-07-30 14:22:28+00:00,Stocks That Hit 52-Week Highs On Thursday,POSITIVE
2020-08-19 14:38:49+00:00,Stocks That Hit 52-Week Highs On Wednesday,POSITIVE
2020-08-19 14:38:49+00:00,Stocks That Hit 52-Week Highs On Wednesday,POSITIVE
2020-08-26 14:40:13+00:00,P/E Ratio Insights for Infosys,POSITIVE
2020-08-26 14:40:13+00:00,P/E Ratio Insights for Infosys,POSITIVE
2020-09-03 14:15:23+00:00,"Infosys To Acquire Product Design, Development Firm Kaleidoscope Innovation; Acquisition Expected To Close During Q2 2021",NEGATIVE
2020-09-03 14:15:23+00:00,"Infosys To Acquire Product Design, Development Firm Kaleidoscope Innovation; Acquisition Expected To Close During Q2 2021",NEGATIVE
2020-09-10 18:36:16+00:00,Infosys Announced Plans To Hire 500 More Tech Employees In Rhode Island By 2023,NEGATIVE
2020-09-10 18:36:16+00:00,Infosys Announced Plans To Hire 500 More Tech Employees In Rhode Island By 2023,NEGATIVE
2020-09-14 16:38:03+00:00,60 Stocks Moving In Monday's Mid-Day Session,NEGATIVE
2020-09-14 14:42:04+00:00,Stocks That Hit 52-Week Highs On Monday,POSITIVE
2020-09-14 11:02:39+00:00,40 Stocks Moving in Monday's Pre-Market Session,NEGATIVE
2020-09-14 10:20:49+00:00,Infosys Earlier Announces Co. to Acquire GuideVision; No Terms Disclosed,NEGATIVE
2020-09-15 14:22:57+00:00,Stocks That Hit 52-Week Highs On Tuesday,POSITIVE
2020-09-15 09:04:00+00:00,80 Biggest Movers From Yesterday,POSITIVE
2020-09-14 16:38:03+00:00,60 Stocks Moving In Monday's Mid-Day Session,NEGATIVE
2020-09-14 14:42:04+00:00,Stocks That Hit 52-Week Highs On Monday,POSITIVE
2020-09-14 11:02:39+00:00,40 Stocks Moving in Monday's Pre-Market Session,NEGATIVE
2020-09-14 10:20:49+00:00,Infosys Earlier Announces Co. to Acquire GuideVision; No Terms Disclosed,NEGATIVE
2020-09-16 14:31:35+00:00,Stocks That Hit 52-Week Highs On Wednesday,POSITIVE
2020-09-15 14:22:57+00:00,Stocks That Hit 52-Week Highs On Tuesday,POSITIVE
2020-09-15 09:04:00+00:00,80 Biggest Movers From Yesterday,POSITIVE
2020-09-16 14:31:35+00:00,Stocks That Hit 52-Week Highs On Wednesday,POSITIVE
2020-09-22 14:06:39+00:00,Price Over Earnings Overview: Infosys,NEGATIVE
2020-09-22 13:12:12+00:00,Qualys Bolsters Infosys' Cyber Next Platform-Based Service Offerings,POSITIVE
2020-09-22 14:06:39+00:00,Price Over Earnings Overview: Infosys,NEGATIVE
2020-09-22 13:12:12+00:00,Qualys Bolsters Infosys' Cyber Next Platform-Based Service Offerings,POSITIVE
2020-10-05 14:39:02+00:00,Stocks That Hit 52-Week Highs On Monday,POSITIVE
2020-10-05 14:39:02+00:00,Stocks That Hit 52-Week Highs On Monday,POSITIVE
2020-10-07 16:00:47+00:00,Infosys Announces Automated Data Science Platform To Support Public Health Agencies,POSITIVE
2020-10-07 14:16:04+00:00,Stocks That Hit 52-Week Highs On Wednesday,POSITIVE
2020-10-08 14:16:49+00:00,Stocks That Hit 52-Week Highs On Thursday,NEGATIVE
2020-10-07 16:00:47+00:00,Infosys Announces Automated Data Science Platform To Support Public Health Agencies,POSITIVE
2020-10-07 14:16:04+00:00,Stocks That Hit 52-Week Highs On Wednesday,POSITIVE
2020-10-09 14:19:24+00:00,Stocks That Hit 52-Week Highs On Friday,POSITIVE
2020-10-08 14:16:49+00:00,Stocks That Hit 52-Week Highs On Thursday,NEGATIVE
2020-10-09 14:19:24+00:00,Stocks That Hit 52-Week Highs On Friday,POSITIVE
2020-10-12 14:33:51+00:00,Stocks That Hit 52-Week Highs On Monday,NEGATIVE
2020-10-13 17:03:53+00:00,Stocks That Hit 52-Week Highs On Tuesday,POSITIVE
2020-10-13 14:18:00+00:00,Infosys's Earnings Outlook,NEGATIVE
2020-10-12 14:33:51+00:00,Stocks That Hit 52-Week Highs On Monday,NEGATIVE
2020-10-14 14:20:41+00:00,Stocks That Hit 52-Week Highs On Wednesday,POSITIVE
2020-10-14 11:17:04+00:00,Recap: Infosys Q2 Earnings,NEGATIVE
2020-10-14 10:43:51+00:00,"Infosys FY21 Revenue Growth Guidance Revised Upward To 2%-3% In Constant Currency, Operating Margin Guidance Revised Upward To 23%-24%; Quarterly Operating Margin At 25.4%, Increase Of 370 Basis Points YoY",NEGATIVE
2020-10-14 08:08:42+00:00,"Earnings Scheduled For October 14, 2020",NEGATIVE
2020-10-13 17:03:53+00:00,Stocks That Hit 52-Week Highs On Tuesday,POSITIVE
2020-10-13 14:18:00+00:00,Infosys's Earnings Outlook,NEGATIVE
2020-10-15 16:13:43+00:00,45 Stocks Moving In Thursday's Mid-Day Session,NEGATIVE
2020-10-15 12:11:31+00:00,12 Technology Stocks Moving In Thursday's Pre-Market Session,NEGATIVE
2020-10-15 11:01:32+00:00,50 Stocks Moving in Thursday's Pre-Market Session,NEGATIVE
2020-10-14 14:20:41+00:00,Stocks That Hit 52-Week Highs On Wednesday,POSITIVE
2020-10-14 11:17:04+00:00,Recap: Infosys Q2 Earnings,NEGATIVE
2020-10-14 10:43:51+00:00,"Infosys FY21 Revenue Growth Guidance Revised Upward To 2%-3% In Constant Currency, Operating Margin Guidance Revised Upward To 23%-24%; Quarterly Operating Margin At 25.4%, Increase Of 370 Basis Points YoY",NEGATIVE
2020-10-14 08:08:42+00:00,"Earnings Scheduled For October 14, 2020",NEGATIVE
2020-10-16 09:10:29+00:00,56 Biggest Movers From Yesterday,POSITIVE
2020-10-15 16:13:43+00:00,45 Stocks Moving In Thursday's Mid-Day Session,NEGATIVE
2020-10-15 12:11:31+00:00,12 Technology Stocks Moving In Thursday's Pre-Market Session,NEGATIVE
2020-10-15 11:01:32+00:00,50 Stocks Moving in Thursday's Pre-Market Session,NEGATIVE
2020-10-16 09:10:29+00:00,56 Biggest Movers From Yesterday,POSITIVE
2020-11-19 16:01:06+00:00,Infosys' Simplus Announces Vaccine Management Solution Aligned With Salesforce Work.com For Vaccines,NEGATIVE
2020-11-20 10:36:56+00:00,ATP and Infosys Extended Digital Innovation Partnership for Three Years,POSITIVE
2020-11-19 16:01:06+00:00,Infosys' Simplus Announces Vaccine Management Solution Aligned With Salesforce Work.com For Vaccines,NEGATIVE
2020-11-20 10:36:56+00:00,ATP and Infosys Extended Digital Innovation Partnership for Three Years,POSITIVE
2020-12-22 12:29:43+00:00,Daimler And Infosys Earlier Announced Partnership To 'Drive Hybrid Cloud-powered Innovation & IT Infrastructure Transformation in the Automotive Sector',POSITIVE
2020-12-23 15:57:26+00:00,Stocks That Hit 52-Week Highs On Wednesday,POSITIVE
2020-12-22 12:29:43+00:00,Daimler And Infosys Earlier Announced Partnership To 'Drive Hybrid Cloud-powered Innovation & IT Infrastructure Transformation in the Automotive Sector',POSITIVE
2020-12-23 15:57:26+00:00,Stocks That Hit 52-Week Highs On Wednesday,POSITIVE
2020-12-30 15:21:54+00:00,Stocks That Hit 52-Week Highs On Wednesday,POSITIVE
2020-12-31 15:15:05+00:00,Stocks That Hit 52-Week Highs On Thursday,POSITIVE
2020-12-30 15:21:54+00:00,Stocks That Hit 52-Week Highs On Wednesday,POSITIVE
2020-12-31 15:15:05+00:00,Stocks That Hit 52-Week Highs On Thursday,POSITIVE
2021-01-04 17:57:57+00:00,Stocks That Hit 52-Week Highs On Monday,NEGATIVE
2021-01-05 15:26:27+00:00,Stocks That Hit 52-Week Highs On Tuesday,NEGATIVE
2021-01-04 17:57:57+00:00,Stocks That Hit 52-Week Highs On Monday,NEGATIVE
2021-01-05 15:26:27+00:00,Stocks That Hit 52-Week Highs On Tuesday,NEGATIVE
2021-01-08 15:22:53+00:00,Stocks That Hit 52-Week Highs On Friday,POSITIVE
2021-01-08 15:22:53+00:00,Stocks That Hit 52-Week Highs On Friday,POSITIVE
2021-01-11 15:19:47+00:00,Stocks That Hit 52-Week Highs On Monday,POSITIVE
2021-01-12 16:08:58+00:00,This Week's Earnings Repertoire,NEGATIVE
2021-01-12 15:09:01+00:00,Stocks That Hit 52-Week Highs On Tuesday,POSITIVE
2021-01-12 15:05:42+00:00,Earnings Preview for Infosys,NEGATIVE
2021-01-11 15:19:47+00:00,Stocks That Hit 52-Week Highs On Monday,POSITIVE
2021-01-13 19:28:11+00:00,A Look Into Infosys Price Over Earnings,POSITIVE
2021-01-13 15:10:55+00:00,Stocks That Hit 52-Week Highs On Wednesday,POSITIVE
2021-01-13 12:12:43+00:00,Infosys: Q3 Earnings Insights,NEGATIVE
2021-01-13 11:40:25+00:00,From Infosys Conference Call: Exec Says Demand Environment For 2021 Looks 'Very Robust',POSITIVE
2021-01-13 11:39:37+00:00,"Infosys Earlier Reported Q3 Results: Net Profit 51.97B Rupees vs 44.57B Rupees In Same Qtr. Last Year, Sales 259.27B Rupees vs 230.92B Rupees Last Year; Sees FY21 Sales Growth Up 4.5-5%",POSITIVE
2021-01-13 10:03:10+00:00,"5 Stocks To Watch For January 13, 2021",POSITIVE
2021-01-13 09:09:37+00:00,"Earnings Scheduled For January 13, 2021",NEGATIVE
2021-01-12 16:08:58+00:00,This Week's Earnings Repertoire,NEGATIVE
2021-01-12 15:09:01+00:00,Stocks That Hit 52-Week Highs On Tuesday,POSITIVE
2021-01-12 15:05:42+00:00,Earnings Preview for Infosys,NEGATIVE
2021-01-13 19:28:11+00:00,A Look Into Infosys Price Over Earnings,POSITIVE
2021-01-13 15:10:55+00:00,Stocks That Hit 52-Week Highs On Wednesday,POSITIVE
2021-01-13 12:12:43+00:00,Infosys: Q3 Earnings Insights,NEGATIVE
2021-01-13 11:40:25+00:00,From Infosys Conference Call: Exec Says Demand Environment For 2021 Looks 'Very Robust',POSITIVE
2021-01-13 11:39:37+00:00,"Infosys Earlier Reported Q3 Results: Net Profit 51.97B Rupees vs 44.57B Rupees In Same Qtr. Last Year, Sales 259.27B Rupees vs 230.92B Rupees Last Year; Sees FY21 Sales Growth Up 4.5-5%",POSITIVE
2021-01-13 10:03:10+00:00,"5 Stocks To Watch For January 13, 2021",POSITIVE
2021-01-13 09:09:37+00:00,"Earnings Scheduled For January 13, 2021",NEGATIVE
2021-02-02 10:27:45+00:00,Infosys Announced Collaboration With Siemens Gamesa Renewable Energy,POSITIVE
2021-02-02 10:27:45+00:00,Infosys Announced Collaboration With Siemens Gamesa Renewable Energy,POSITIVE
2021-02-25 15:01:09+00:00,Infosys Says Expands Pennsylvania-Based Retirement Services Center Of Excellence; Commits To Adding 300 New Jobs,POSITIVE
2021-02-25 15:01:09+00:00,Infosys Says Expands Pennsylvania-Based Retirement Services Center Of Excellence; Commits To Adding 300 New Jobs,POSITIVE
2021-03-03 19:03:00+00:00,"Infosys Announces Canadian Expansion To Calgary, Doubling Canadian Workforce To 4,000 By 2023",POSITIVE
2021-03-03 17:52:11+00:00,10 Information Technology Stocks Showing Unusual Options Activity In Today's Session,NEGATIVE
2021-03-03 17:47:03+00:00,"Pete Najarian Sees Unusual Option Activity In Infosys, Teck Resources And UWM Holdings",POSITIVE
2021-03-03 17:37:26+00:00,Pete Najarian On CNBC's Unusual Option Activity Highlights Infosys Tech March $19 Calls,NEGATIVE
2021-03-03 14:51:44+00:00,'Exclusive: Infosys wins $500 million all-digital deal from Google' -Economic Times Report,POSITIVE
2021-03-04 12:45:48+00:00,Infosys Expands In Calgary; Looks To Double Canadian Workforce By 2023,POSITIVE
2021-03-03 19:03:00+00:00,"Infosys Announces Canadian Expansion To Calgary, Doubling Canadian Workforce To 4,000 By 2023",POSITIVE
2021-03-03 17:52:11+00:00,10 Information Technology Stocks Showing Unusual Options Activity In Today's Session,NEGATIVE
2021-03-03 17:47:03+00:00,"Pete Najarian Sees Unusual Option Activity In Infosys, Teck Resources And UWM Holdings",POSITIVE
2021-03-03 17:37:26+00:00,Pete Najarian On CNBC's Unusual Option Activity Highlights Infosys Tech March $19 Calls,NEGATIVE
2021-03-03 14:51:44+00:00,'Exclusive: Infosys wins $500 million all-digital deal from Google' -Economic Times Report,POSITIVE
2021-03-04 12:45:48+00:00,Infosys Expands In Calgary; Looks To Double Canadian Workforce By 2023,POSITIVE
2021-03-11 14:18:49+00:00,"Infosys, Newmont Extend Partnership For Digitizing Delivery Models Across Mine Sites",POSITIVE
2021-03-11 14:15:00+00:00,This Day In Market History: First Indian Company Lists On A US Exchange,POSITIVE
2021-03-11 13:20:00+00:00,Infosys BPM and Newmont Corporation Extend Their Strategic Collaboration to Standardize & Digitize Delivery Models Across Mine Sites,POSITIVE
2021-03-11 14:18:49+00:00,"Infosys, Newmont Extend Partnership For Digitizing Delivery Models Across Mine Sites",POSITIVE
2021-03-11 14:15:00+00:00,This Day In Market History: First Indian Company Lists On A US Exchange,POSITIVE
2021-03-11 13:20:00+00:00,Infosys BPM and Newmont Corporation Extend Their Strategic Collaboration to Standardize & Digitize Delivery Models Across Mine Sites,POSITIVE
2021-03-16 16:25:22+00:00,Stocks That Hit 52-Week Highs On Tuesday,POSITIVE
2021-03-16 11:31:36+00:00,5 US-Listed Stocks From Emerging Markets That Bode Well For 2021,POSITIVE
2021-03-17 17:01:52+00:00,10 Information Technology Stocks Showing Unusual Options Activity In Today's Session,NEGATIVE
2021-03-16 16:25:22+00:00,Stocks That Hit 52-Week Highs On Tuesday,POSITIVE
2021-03-16 11:31:36+00:00,5 US-Listed Stocks From Emerging Markets That Bode Well For 2021,POSITIVE
2021-03-17 17:01:52+00:00,10 Information Technology Stocks Showing Unusual Options Activity In Today's Session,NEGATIVE
2021-03-24 14:08:00+00:00,"Benzinga's Top Ratings Upgrades, Downgrades For March 24, 2021",NEGATIVE
2021-03-24 10:23:57+00:00,"Bernstein Upgrades Infosys to Outperform, Raises Price Target to $21.8",POSITIVE
2021-03-24 14:08:00+00:00,"Benzinga's Top Ratings Upgrades, Downgrades For March 24, 2021",NEGATIVE
2021-03-24 10:23:57+00:00,"Bernstein Upgrades Infosys to Outperform, Raises Price Target to $21.8",POSITIVE
2021-04-08 10:20:41+00:00,ArcelorMittal and Infosys Announce Strategic Collaboration for Digital Transformation,POSITIVE
2021-04-09 14:22:46+00:00,Stocks That Hit 52-Week Highs On Friday,NEGATIVE
2021-04-08 10:20:41+00:00,ArcelorMittal and Infosys Announce Strategic Collaboration for Digital Transformation,POSITIVE
2021-04-09 14:22:46+00:00,Stocks That Hit 52-Week Highs On Friday,NEGATIVE
2021-04-12 12:08:32+00:00,"Susquehanna Maintains Neutral on Infosys, Raises Price Target to $21",NEGATIVE
2021-04-13 14:26:30+00:00,Infosys Earnings Preview,POSITIVE
2021-04-12 12:08:32+00:00,"Susquehanna Maintains Neutral on Infosys, Raises Price Target to $21",NEGATIVE
2021-04-14 15:40:31+00:00,Indian Merchants Protest Against Amazon's Alleged Preferential Treatment: Bloomberg,NEGATIVE
2021-04-14 13:06:14+00:00,12 Information Technology Stocks Moving In Wednesday's Pre-Market Session,POSITIVE
2021-04-14 13:02:43+00:00,Infosys: Q4 Earnings Insights,NEGATIVE
2021-04-14 10:50:21+00:00,Infosys Q4 Consol Sales 263.11B Rupees; Sees FY22 Sales Growth Guidance 12-14% Year Over Year; Reports 92B Rupees Buyback,NEGATIVE
2021-04-14 09:48:21+00:00,"Earnings Scheduled For April 14, 2021",NEGATIVE
2021-04-13 14:26:30+00:00,Infosys Earnings Preview,POSITIVE
2021-04-14 15:40:31+00:00,Indian Merchants Protest Against Amazon's Alleged Preferential Treatment: Bloomberg,NEGATIVE
2021-04-14 13:06:14+00:00,12 Information Technology Stocks Moving In Wednesday's Pre-Market Session,POSITIVE
2021-04-14 13:02:43+00:00,Infosys: Q4 Earnings Insights,NEGATIVE
2021-04-14 10:50:21+00:00,Infosys Q4 Consol Sales 263.11B Rupees; Sees FY22 Sales Growth Guidance 12-14% Year Over Year; Reports 92B Rupees Buyback,NEGATIVE
2021-04-14 09:48:21+00:00,"Earnings Scheduled For April 14, 2021",NEGATIVE
2021-04-22 10:19:55+00:00,BP and Infosys Announce Strategic Collaboration to Drive Integrated Energy Offers to Reduce Emissions at Campuses and Cities,POSITIVE
2021-04-22 10:19:55+00:00,BP and Infosys Announce Strategic Collaboration to Drive Integrated Energy Offers to Reduce Emissions at Campuses and Cities,POSITIVE
2021-05-04 16:41:35+00:00,10 Information Technology Stocks Showing Unusual Options Activity In Today's Session,NEGATIVE
2021-05-04 16:41:35+00:00,10 Information Technology Stocks Showing Unusual Options Activity In Today's Session,NEGATIVE
2021-05-13 15:37:23+00:00,Infosys Says Collaborates With RXR Realty To Develop Smart Office Platform Running An Microsoft Azure For Safe Return To Work,POSITIVE
2021-05-13 15:37:23+00:00,Infosys Says Collaborates With RXR Realty To Develop Smart Office Platform Running An Microsoft Azure For Safe Return To Work,POSITIVE
2021-05-18 14:12:38+00:00,Insurity Announces New Alliance With Infosys To Rapidly Implement Insurity Software At Major Property & Casualty Insurers,POSITIVE
2021-05-18 11:38:19+00:00,Majesco Collaborates with Infosys to Accelerate Digital Experience for Insurers,POSITIVE
2021-05-18 14:12:38+00:00,Insurity Announces New Alliance With Infosys To Rapidly Implement Insurity Software At Major Property & Casualty Insurers,POSITIVE
2021-05-18 11:38:19+00:00,Majesco Collaborates with Infosys to Accelerate Digital Experience for Insurers,POSITIVE
2021-05-20 09:40:13+00:00,Infosys COO Reaffirms Guidance in Interview with Money Control,POSITIVE
2021-05-20 09:40:13+00:00,Infosys COO Reaffirms Guidance in Interview with Money Control,POSITIVE
2021-05-24 16:41:40+00:00,10 Information Technology Stocks With Unusual Options Alerts In Today's Session,NEGATIVE
2021-05-24 16:41:40+00:00,10 Information Technology Stocks With Unusual Options Alerts In Today's Session,NEGATIVE
2021-06-08 14:10:01+00:00,Stocks That Hit 52-Week Highs On Tuesday,POSITIVE
2021-06-08 14:10:01+00:00,Stocks That Hit 52-Week Highs On Tuesday,POSITIVE
2021-06-10 14:18:21+00:00,Stocks That Hit 52-Week Highs On Thursday,POSITIVE
2021-06-11 17:18:18+00:00,Stocks That Hit 52-Week Highs On Friday,POSITIVE
2021-06-10 14:18:21+00:00,Stocks That Hit 52-Week Highs On Thursday,POSITIVE
2021-06-11 17:18:18+00:00,Stocks That Hit 52-Week Highs On Friday,POSITIVE
2021-06-15 13:59:28+00:00,Stocks That Hit 52-Week Highs On Tuesday,NEGATIVE
2021-06-15 13:59:28+00:00,Stocks That Hit 52-Week Highs On Tuesday,NEGATIVE
2021-06-21 19:08:37+00:00,Software Database Firm Couchbase Files For US IPO: Reuters,NEGATIVE
2021-06-21 19:08:37+00:00,Software Database Firm Couchbase Files For US IPO: Reuters,NEGATIVE
2021-06-24 15:10:43+00:00,Stocks That Hit 52-Week Highs On Thursday,POSITIVE
2021-06-25 14:17:38+00:00,Stocks That Hit 52-Week Highs On Friday,POSITIVE
2021-06-24 15:10:43+00:00,Stocks That Hit 52-Week Highs On Thursday,POSITIVE
2021-06-25 14:17:38+00:00,Stocks That Hit 52-Week Highs On Friday,POSITIVE
2021-07-12 14:31:52+00:00,Price Over Earnings Overview: Infosys,NEGATIVE
2021-07-13 14:14:32+00:00,A Preview Of Infosys's Earnings,NEGATIVE
2021-07-12 14:31:52+00:00,Price Over Earnings Overview: Infosys,NEGATIVE
2021-07-14 14:09:22+00:00,Stocks That Hit 52-Week Highs On Wednesday,NEGATIVE
2021-07-14 13:03:46+00:00,"Infosys Beats On Q1 Earnings, Raises FY22 Outlook",POSITIVE
2021-07-14 11:45:51+00:00,Infosys: Q1 Earnings Insights,NEGATIVE
2021-07-14 08:06:42+00:00,"Earnings Scheduled For July 14, 2021",NEGATIVE
2021-07-13 14:14:32+00:00,A Preview Of Infosys's Earnings,NEGATIVE
2021-07-14 14:09:22+00:00,Stocks That Hit 52-Week Highs On Wednesday,NEGATIVE
2021-07-14 13:03:46+00:00,"Infosys Beats On Q1 Earnings, Raises FY22 Outlook",POSITIVE
2021-07-14 11:45:51+00:00,Infosys: Q1 Earnings Insights,NEGATIVE
2021-07-14 08:06:42+00:00,"Earnings Scheduled For July 14, 2021",NEGATIVE
2021-07-20 17:17:14+00:00,Infosys Introduces Blockchain Network In California's Riverside County,POSITIVE
2021-07-20 15:12:25+00:00,Infosys Public Services Launches Blockchain Network To Modernize Public Recordkeeping For County Of Riverside In California; Terms Not Disclosed,NEGATIVE
2021-07-20 17:17:14+00:00,Infosys Introduces Blockchain Network In California's Riverside County,POSITIVE
2021-07-20 15:12:25+00:00,Infosys Public Services Launches Blockchain Network To Modernize Public Recordkeeping For County Of Riverside In California; Terms Not Disclosed,NEGATIVE
2021-07-28 14:38:58+00:00,Stocks That Hit 52-Week Highs On Wednesday,POSITIVE
2021-07-29 14:10:44+00:00,Stocks That Hit 52-Week Highs On Thursday,POSITIVE
2021-07-29 10:17:03+00:00,Infosys T%o Implement iIt Cobalt-Powered IaaS Solution For Select Portfolio Servicing Inc. In Collaboration With Hitachi Vantara,NEGATIVE
2021-07-28 14:38:58+00:00,Stocks That Hit 52-Week Highs On Wednesday,POSITIVE
2021-07-29 14:10:44+00:00,Stocks That Hit 52-Week Highs On Thursday,POSITIVE
2021-07-29 10:17:03+00:00,Infosys T%o Implement iIt Cobalt-Powered IaaS Solution For Select Portfolio Servicing Inc. In Collaboration With Hitachi Vantara,NEGATIVE
2021-08-02 14:08:49+00:00,Stocks That Hit 52-Week Highs On Monday,POSITIVE
2021-08-03 14:06:07+00:00,Stocks That Hit 52-Week Highs On Tuesday,POSITIVE
2021-08-02 14:08:49+00:00,Stocks That Hit 52-Week Highs On Monday,POSITIVE
2021-08-03 14:06:07+00:00,Stocks That Hit 52-Week Highs On Tuesday,POSITIVE
2021-08-06 17:17:52+00:00,Analyzing Infosys's Unusual Options Activity,NEGATIVE
2021-08-06 17:17:52+00:00,Analyzing Infosys's Unusual Options Activity,NEGATIVE
2021-08-10 14:06:11+00:00,Stocks That Hit 52-Week Highs On Tuesday,NEGATIVE
2021-08-10 14:06:11+00:00,Stocks That Hit 52-Week Highs On Tuesday,NEGATIVE
2021-08-12 14:05:31+00:00,Stocks That Hit 52-Week Highs On Thursday,POSITIVE
2021-08-13 14:14:10+00:00,Stocks That Hit 52-Week Highs On Friday,POSITIVE
2021-08-12 14:05:31+00:00,Stocks That Hit 52-Week Highs On Thursday,POSITIVE
2021-08-13 14:14:10+00:00,Stocks That Hit 52-Week Highs On Friday,POSITIVE
2021-08-17 14:13:12+00:00,Stocks That Hit 52-Week Highs On Tuesday,POSITIVE
2021-08-18 14:50:27+00:00,Stocks That Hit 52-Week Highs On Wednesday,NEGATIVE
2021-08-17 14:13:12+00:00,Stocks That Hit 52-Week Highs On Tuesday,POSITIVE
2021-08-18 14:50:27+00:00,Stocks That Hit 52-Week Highs On Wednesday,NEGATIVE
2021-08-23 14:07:42+00:00,Stocks That Hit 52-Week Highs On Monday,NEGATIVE
2021-08-24 12:12:05+00:00,12 Information Technology Stocks Moving In Tuesday's Pre-Market Session,POSITIVE
2021-08-23 14:07:42+00:00,Stocks That Hit 52-Week Highs On Monday,NEGATIVE
2021-08-24 12:12:05+00:00,12 Information Technology Stocks Moving In Tuesday's Pre-Market Session,POSITIVE
2021-09-09 16:54:52+00:00,A Look Into Infosys Price Over Earnings,POSITIVE
2021-09-09 16:54:52+00:00,A Look Into Infosys Price Over Earnings,POSITIVE
2021-09-15 10:19:37+00:00,Infosys and SAP Collaborate to Provide Business Process Transformation-as-aService to Enterprises,POSITIVE
2021-09-15 10:19:37+00:00,Infosys and SAP Collaborate to Provide Business Process Transformation-as-aService to Enterprises,POSITIVE
2021-09-21 10:17:05+00:00,Infosys Announces Collaboration With ServiceNow To Provide Enterprise-Level Service Management For Manufacturing Customers,POSITIVE
2021-09-22 10:25:53+00:00,Infosys To Develop Quantum Computing Capabilities On AWS,POSITIVE
2021-09-21 10:17:05+00:00,Infosys Announces Collaboration With ServiceNow To Provide Enterprise-Level Service Management For Manufacturing Customers,POSITIVE
2021-09-22 10:25:53+00:00,Infosys To Develop Quantum Computing Capabilities On AWS,POSITIVE
2021-10-08 18:22:18+00:00,Price Over Earnings Overview: Infosys,NEGATIVE
2021-10-08 18:22:18+00:00,Price Over Earnings Overview: Infosys,NEGATIVE
2021-10-13 16:21:56+00:00,39 Stocks Moving In Wednesday's Mid-Day Session,NEGATIVE
2021-10-13 15:06:15+00:00,Financial and Technology Stocks Making Headlines,NEGATIVE
2021-10-13 12:48:48+00:00,"Infosys Q2 EPS $0.17, Inline, Sales $4.00B Beat $3.91B Estimate",NEGATIVE
2021-10-13 12:12:11+00:00,12 Information Technology Stocks Moving In Wednesday's Pre-Market Session,POSITIVE
2021-10-13 11:50:50+00:00,"Infosys Clocks 21% Top-Line Growth In Q2, Lifts FY22 Revenue Outlook",POSITIVE
2021-10-13 11:27:53+00:00,20 Stocks Moving in Wednesday's Pre-Market Session,NEGATIVE
2021-10-13 10:34:13+00:00,Infosys Revenue Guidance For FY22 Revised Upwards To 16.5%-17.5%; Margin Guidance Retained At 22%-24%,NEGATIVE
2021-10-13 07:36:22+00:00,"Earnings Scheduled For October 13, 2021",NEGATIVE
2021-10-13 16:21:56+00:00,39 Stocks Moving In Wednesday's Mid-Day Session,NEGATIVE
2021-10-13 15:06:15+00:00,Financial and Technology Stocks Making Headlines,NEGATIVE
2021-10-13 12:48:48+00:00,"Infosys Q2 EPS $0.17, Inline, Sales $4.00B Beat $3.91B Estimate",NEGATIVE
2021-10-13 12:12:11+00:00,12 Information Technology Stocks Moving In Wednesday's Pre-Market Session,POSITIVE
2021-10-13 11:50:50+00:00,"Infosys Clocks 21% Top-Line Growth In Q2, Lifts FY22 Revenue Outlook",POSITIVE
2021-10-13 11:27:53+00:00,20 Stocks Moving in Wednesday's Pre-Market Session,NEGATIVE
2021-10-13 10:34:13+00:00,Infosys Revenue Guidance For FY22 Revised Upwards To 16.5%-17.5%; Margin Guidance Retained At 22%-24%,NEGATIVE
2021-10-13 07:36:22+00:00,"Earnings Scheduled For October 13, 2021",NEGATIVE
2021-10-15 11:19:39+00:00,Infosys: Q2 Earnings Insights,NEGATIVE
2021-10-15 11:19:39+00:00,Infosys: Q2 Earnings Insights,NEGATIVE
2021-10-21 12:11:15+00:00,12 Information Technology Stocks Moving In Thursday's Pre-Market Session,POSITIVE
2021-10-21 12:11:15+00:00,12 Information Technology Stocks Moving In Thursday's Pre-Market Session,POSITIVE
2021-11-03 10:59:21+00:00,Infosys Earlier Announced Co. Collaborated With Shell To Market Shell Inventory Optimizer Solution,NEGATIVE
2021-11-03 10:59:21+00:00,Infosys Earlier Announced Co. Collaborated With Shell To Market Shell Inventory Optimizer Solution,NEGATIVE
2021-11-08 17:47:29+00:00,Infosys Shares Mark New Session Highs Up ~2.9% As Trader Jon Najarian Highlights Unusual Call Activity In Name,POSITIVE
2021-11-08 17:47:29+00:00,Infosys Shares Mark New Session Highs Up ~2.9% As Trader Jon Najarian Highlights Unusual Call Activity In Name,POSITIVE
2021-11-17 13:35:32+00:00,"Madison Square Garden Sports, Madison Square Garden Entertainment Report Marketing Partnership With Infosys, No Terms Disclosed",NEGATIVE
2021-11-17 13:35:32+00:00,"Madison Square Garden Sports, Madison Square Garden Entertainment Report Marketing Partnership With Infosys, No Terms Disclosed",NEGATIVE
2021-12-07 10:40:30+00:00,Financial Times and Infosys Announced Strategic Digital Collaboration to Enhance Immersive Journalism,POSITIVE
2021-12-08 10:35:05+00:00,"Infosys BPM State-of-the-Art Delivery Center in Waterford, Ireland to Create 250 Jobs",POSITIVE
2021-12-07 10:40:30+00:00,Financial Times and Infosys Announced Strategic Digital Collaboration to Enhance Immersive Journalism,POSITIVE
2021-12-09 20:05:31+00:00,Infosys Equinox Partners With Highland Transcend Partners I Merger Partner Packable To Help Amplify Direct To Consumer E-commerce Offerings For Brand Partners,POSITIVE
2021-12-09 14:25:10+00:00,Infosys Equinox Collaborates With Packable,NEGATIVE
2021-12-08 10:35:05+00:00,"Infosys BPM State-of-the-Art Delivery Center in Waterford, Ireland to Create 250 Jobs",POSITIVE
2021-12-09 20:05:31+00:00,Infosys Equinox Partners With Highland Transcend Partners I Merger Partner Packable To Help Amplify Direct To Consumer E-commerce Offerings For Brand Partners,POSITIVE
2021-12-09 14:25:10+00:00,Infosys Equinox Collaborates With Packable,NEGATIVE
2021-12-16 18:32:11+00:00,"Infy, Australian Open Extend Collaboration Until 2026",POSITIVE
2021-12-16 18:32:11+00:00,"Infy, Australian Open Extend Collaboration Until 2026",POSITIVE
2022-01-10 15:05:39+00:00,"Benzinga's Top Ratings Upgrades, Downgrades For January 10, 2022",NEGATIVE
2022-01-10 14:47:02+00:00,Price To Earnings Ratio Insights For Infosys,NEGATIVE
2022-01-10 12:42:38+00:00,10 Biggest Price Target Changes For Monday,NEGATIVE
2022-01-10 11:48:19+00:00,"Susquehanna Upgrades Infosys to Positive, Raises Price Target to $29",POSITIVE
2022-01-11 15:26:35+00:00,Infosys Earnings Preview,NEGATIVE
2022-01-10 15:05:39+00:00,"Benzinga's Top Ratings Upgrades, Downgrades For January 10, 2022",NEGATIVE
2022-01-10 14:47:02+00:00,Price To Earnings Ratio Insights For Infosys,NEGATIVE
2022-01-10 12:42:38+00:00,10 Biggest Price Target Changes For Monday,NEGATIVE
2022-01-10 11:48:19+00:00,"Susquehanna Upgrades Infosys to Positive, Raises Price Target to $29",POSITIVE
2022-01-12 13:22:28+00:00,12 Information Technology Stocks Moving In Wednesday's Pre-Market Session,POSITIVE
2022-01-12 13:02:34+00:00,"Infosys Q3 Sales Comes Ahead Of Consensus, Raises FY22 Revenue Outlook",POSITIVE
2022-01-12 12:43:52+00:00,Infosys Raises FY22 Sales Growth Guidance From 16.5-17.5% To 19.5-20%,POSITIVE
2022-01-12 12:41:01+00:00,"Infosys Earlier Reported Q3 EPS $0.18, Inline, Sales $4.25B Beat $4.08B Estimate",NEGATIVE
2022-01-12 12:10:45+00:00,Infosys: Q3 Earnings Insights,POSITIVE
2022-01-12 08:33:59+00:00,"Earnings Scheduled For January 12, 2022",NEGATIVE
2022-01-11 15:26:35+00:00,Infosys Earnings Preview,NEGATIVE
2022-01-12 13:22:28+00:00,12 Information Technology Stocks Moving In Wednesday's Pre-Market Session,POSITIVE
2022-01-12 13:02:34+00:00,"Infosys Q3 Sales Comes Ahead Of Consensus, Raises FY22 Revenue Outlook",POSITIVE
2022-01-12 12:43:52+00:00,Infosys Raises FY22 Sales Growth Guidance From 16.5-17.5% To 19.5-20%,POSITIVE
2022-01-12 12:41:01+00:00,"Infosys Earlier Reported Q3 EPS $0.18, Inline, Sales $4.25B Beat $4.08B Estimate",NEGATIVE
2022-01-12 12:10:45+00:00,Infosys: Q3 Earnings Insights,POSITIVE
2022-01-12 08:33:59+00:00,"Earnings Scheduled For January 12, 2022",NEGATIVE
2022-01-14 18:00:19+00:00,"CNBC Halftime Report Final Trades: Infosys, Salesforce, Coinbase, Farfetch",NEGATIVE
2022-01-14 18:00:19+00:00,"CNBC Halftime Report Final Trades: Infosys, Salesforce, Coinbase, Farfetch",NEGATIVE
2022-01-17 12:53:50+00:00,"CNBC's Final Trades: Infosys, Salesforce, Coinbase Global And This Luxury Goods Retailer",POSITIVE
2022-01-17 12:53:50+00:00,"CNBC's Final Trades: Infosys, Salesforce, Coinbase Global And This Luxury Goods Retailer",POSITIVE
2022-01-31 15:05:51+00:00,Here's Why Wedbush Added Infosys To Best Ideas List,POSITIVE
2022-02-01 06:44:20+00:00,"Battered Indian Tech Stocks Popular With Retail Investors Recover, Following Similar Path Charted By US Counterparts",NEGATIVE
2022-01-31 15:05:51+00:00,Here's Why Wedbush Added Infosys To Best Ideas List,POSITIVE
2022-02-01 06:44:20+00:00,"Battered Indian Tech Stocks Popular With Retail Investors Recover, Following Similar Path Charted By US Counterparts",NEGATIVE
2022-02-09 10:05:56+00:00,Infosys Collaborates with Qualtrics to Help Enterprises Deliver Personalized Experiences,POSITIVE
2022-02-09 10:05:56+00:00,Infosys Collaborates with Qualtrics to Help Enterprises Deliver Personalized Experiences,POSITIVE
2022-02-24 10:07:27+00:00,"B of A Securities Downgrades Infosys to Neutral, Announces $24.5 Price Target",NEGATIVE
2022-02-24 10:07:27+00:00,"B of A Securities Downgrades Infosys to Neutral, Announces $24.5 Price Target",NEGATIVE
2022-03-08 09:40:14+00:00,Dow Jones and Infosys Announced Expanded Collaboration to Develop New Human-Centered Digital Experiences,POSITIVE
2022-03-08 09:40:14+00:00,Dow Jones and Infosys Announced Expanded Collaboration to Develop New Human-Centered Digital Experiences,POSITIVE
2022-03-16 14:25:30+00:00,Shares of several companies in the broader technology sector are trading higher in sympathy with the broader market ahead of today's Fed decision. Stocks have been volatile in recent weeks as investors continue to monitor the Russia-Ukraine conflict and its impact on commodity prices.,POSITIVE
2022-03-16 14:25:30+00:00,Shares of several companies in the broader technology sector are trading higher in sympathy with the broader market ahead of today's Fed decision. Stocks have been volatile in recent weeks as investors continue to monitor the Russia-Ukraine conflict and its impact on commodity prices.,POSITIVE
2022-03-22 12:15:10+00:00,Infosys To Acquire oddity; Terms Not Disclosed,NEGATIVE
2022-03-22 12:15:10+00:00,Infosys To Acquire oddity; Terms Not Disclosed,NEGATIVE
2022-04-06 12:35:37+00:00,"Infosys Earnings Conference Call Is Coming Up, Here's What You Need To Know",NEGATIVE
2022-04-07 11:27:35+00:00,Infosys And Rolls-Royce Extend Strategic Collaboration With Launch Of Joint 'Aerospace Engineering And Digital Innovation Centre' In India,POSITIVE
2022-04-06 12:35:37+00:00,"Infosys Earnings Conference Call Is Coming Up, Here's What You Need To Know",NEGATIVE
2022-04-07 11:27:35+00:00,Infosys And Rolls-Royce Extend Strategic Collaboration With Launch Of Joint 'Aerospace Engineering And Digital Innovation Centre' In India,POSITIVE
2022-04-12 15:13:59+00:00,Infosys's Earnings Outlook,NEGATIVE
2022-04-13 17:35:34+00:00,12 Information Technology Stocks Moving In Wednesday's Intraday Session,NEGATIVE
2022-04-13 12:17:50+00:00,"Infosys Clocks 21% Revenue Growth in Q4 Backed By Digital, Cloud Capabilities",NEGATIVE
2022-04-13 11:03:46+00:00,"Infosys March Qtr Consolidated Net Profit 56.86B Rupees Vs 50.76B Rupees YoY, Consolidated Revenue From Operations 322.76B Rupees vs 263.11B Rupees YoY",NEGATIVE
2022-04-12 15:13:59+00:00,Infosys's Earnings Outlook,NEGATIVE
2022-04-14 12:15:54+00:00,28 Biggest Movers From Yesterday,POSITIVE
2022-04-14 11:01:12+00:00,"BMO Capital Maintains Market Perform on Infosys, Lowers Price Target to $25",NEGATIVE
2022-04-13 17:35:34+00:00,12 Information Technology Stocks Moving In Wednesday's Intraday Session,NEGATIVE
2022-04-13 12:17:50+00:00,"Infosys Clocks 21% Revenue Growth in Q4 Backed By Digital, Cloud Capabilities",NEGATIVE
2022-04-13 11:03:46+00:00,"Infosys March Qtr Consolidated Net Profit 56.86B Rupees Vs 50.76B Rupees YoY, Consolidated Revenue From Operations 322.76B Rupees vs 263.11B Rupees YoY",NEGATIVE
2022-04-14 12:15:54+00:00,28 Biggest Movers From Yesterday,POSITIVE
2022-04-14 11:01:12+00:00,"BMO Capital Maintains Market Perform on Infosys, Lowers Price Target to $25",NEGATIVE
2022-04-18 06:08:34+00:00,"Infosys, HDFC Bank Drag Indian Stocks Down Sharply: What's Behind Today's Plunge?",NEGATIVE
2022-04-18 06:08:34+00:00,"Infosys, HDFC Bank Drag Indian Stocks Down Sharply: What's Behind Today's Plunge?",NEGATIVE
2022-04-21 13:17:02+00:00,This Indian Tech Stock Has Fetched 850% Return For Investors Since Pandemic Began,POSITIVE
2022-04-21 13:17:02+00:00,This Indian Tech Stock Has Fetched 850% Return For Investors Since Pandemic Began,POSITIVE
2022-04-26 14:53:12+00:00,A Bearish Sign Appears On Infosys's Chart,NEGATIVE
2022-04-26 14:05:03+00:00,Infosys Collaborates With Nu Skin To Drive Social Commerce-Lled Transformation In Beauty And Wellness Sector,POSITIVE
2022-04-26 14:53:12+00:00,A Bearish Sign Appears On Infosys's Chart,NEGATIVE
2022-04-26 14:05:03+00:00,Infosys Collaborates With Nu Skin To Drive Social Commerce-Lled Transformation In Beauty And Wellness Sector,POSITIVE
2022-04-28 19:35:36+00:00,Watching Infosys Shares Following Block Trade Of 2.5M Shares At $20.50/Share For Total Trade Size Of $51M,NEGATIVE
2022-04-28 19:35:36+00:00,Watching Infosys Shares Following Block Trade Of 2.5M Shares At $20.50/Share For Total Trade Size Of $51M,NEGATIVE
2022-05-19 18:08:46+00:00,Here's Why JP Morgan Downgraded Indian IT Sector To Underweight; Reiterated Overweight On Infosys,NEGATIVE
2022-05-19 18:08:46+00:00,Here's Why JP Morgan Downgraded Indian IT Sector To Underweight; Reiterated Overweight On Infosys,NEGATIVE
2022-05-25 16:14:23+00:00,Stocks That Hit 52-Week Lows On Wednesday,NEGATIVE
2022-05-25 12:15:33+00:00,"Infosys, Palo Alto Networks Collaborate To Secure Complex And Mission-Critical Environments For Global Enterprises",POSITIVE
2022-05-25 16:14:23+00:00,Stocks That Hit 52-Week Lows On Wednesday,NEGATIVE
2022-05-25 12:15:33+00:00,"Infosys, Palo Alto Networks Collaborate To Secure Complex And Mission-Critical Environments For Global Enterprises",POSITIVE
2022-06-02 16:11:17+00:00,Short Volatility Alert: Infosys Limited,NEGATIVE
2022-06-02 16:11:17+00:00,Short Volatility Alert: Infosys Limited,NEGATIVE
2022-06-13 16:18:42+00:00,Stocks That Hit 52-Week Lows On Monday,NEGATIVE
2022-06-14 14:02:31+00:00,$100 Invested In This Stock 10 Years Ago Would Be Worth $300 Today,NEGATIVE
2022-06-13 16:18:42+00:00,Stocks That Hit 52-Week Lows On Monday,NEGATIVE
2022-06-14 14:02:31+00:00,$100 Invested In This Stock 10 Years Ago Would Be Worth $300 Today,NEGATIVE
2022-06-16 14:10:44+00:00,Looking Into Infosys's Recent Short Interest,NEGATIVE
2022-06-16 14:10:44+00:00,Looking Into Infosys's Recent Short Interest,NEGATIVE
2022-06-29 17:02:30+00:00,Here's How Much $100 Invested In Infosys 20 Years Ago Would Be Worth Today,NEGATIVE
2022-06-29 17:02:30+00:00,Here's How Much $100 Invested In Infosys 20 Years Ago Would Be Worth Today,NEGATIVE
2022-07-13 17:21:54+00:00,"Infosys To Acquire Life Sciences Consulting And Technology Leader, BASE Life Science; Terms Not Disclosed",NEGATIVE
2022-07-14 16:08:03+00:00,$100 Invested In Infosys 10 Years Ago Would Be Worth This Much Today,POSITIVE
2022-07-14 13:38:29+00:00,Infosys (INFY) Boosts Digital Portfolio With BASE Life Buyout,POSITIVE
2022-07-13 17:21:54+00:00,"Infosys To Acquire Life Sciences Consulting And Technology Leader, BASE Life Science; Terms Not Disclosed",NEGATIVE
2022-07-14 16:08:03+00:00,$100 Invested In Infosys 10 Years Ago Would Be Worth This Much Today,POSITIVE
2022-07-14 13:38:29+00:00,Infosys (INFY) Boosts Digital Portfolio With BASE Life Buyout,POSITIVE
2022-07-20 14:40:55+00:00,What's In The Offing For Infosys (INFY) This Earnings Season?,NEGATIVE
2022-07-20 14:40:55+00:00,What's In The Offing For Infosys (INFY) This Earnings Season?,NEGATIVE
2022-07-24 13:48:11+00:00,Infosys Q1 EPS $0.16 Missed $0.18 Est; Revenue $4.44B Beat $4.37B Est,NEGATIVE
2022-07-25 15:53:20+00:00,Monday Market Update,POSITIVE
2022-07-25 13:23:50+00:00,"Wedbush Maintains Outperform on Infosys, Lowers Price Target to $25",NEGATIVE
2022-07-24 13:48:11+00:00,Infosys Q1 EPS $0.16 Missed $0.18 Est; Revenue $4.44B Beat $4.37B Est,NEGATIVE
2022-07-26 13:08:40+00:00,"BMO Capital Maintains Market Perform on Infosys, Lowers Price Target to $21",NEGATIVE
2022-07-25 15:53:20+00:00,Monday Market Update,POSITIVE
2022-07-25 13:23:50+00:00,"Wedbush Maintains Outperform on Infosys, Lowers Price Target to $25",NEGATIVE
2022-07-26 13:08:40+00:00,"BMO Capital Maintains Market Perform on Infosys, Lowers Price Target to $21",NEGATIVE
2022-07-28 16:13:57+00:00,Analyzing Infosys's Short Interest,NEGATIVE
2022-07-28 16:13:57+00:00,Analyzing Infosys's Short Interest,NEGATIVE
2022-08-01 18:21:40+00:00,Here's How Much $100 Invested In Infosys 10 Years Ago Would Be Worth Today,NEGATIVE
2022-08-01 18:21:40+00:00,Here's How Much $100 Invested In Infosys 10 Years Ago Would Be Worth Today,NEGATIVE
2022-08-17 11:31:18+00:00,"Agilent, Cassava Sciences And Some Other Big Stocks Moving Higher In Today's Pre-Market Session",POSITIVE
2022-08-17 11:31:18+00:00,"Agilent, Cassava Sciences And Some Other Big Stocks Moving Higher In Today's Pre-Market Session",POSITIVE
2022-08-22 12:51:32+00:00,Infosys Cuts Average Variable Payout To 70% For Q1 On Margin Pressure,NEGATIVE
2022-08-22 12:51:32+00:00,Infosys Cuts Average Variable Payout To 70% For Q1 On Margin Pressure,NEGATIVE
2022-09-07 09:48:18+00:00,Spirit AeroSystems Entered Five-year Collaboration with Infosys to Co-innovate Aerostructure and Systems Engineering Services,POSITIVE
2022-09-07 09:48:18+00:00,Spirit AeroSystems Entered Five-year Collaboration with Infosys to Co-innovate Aerostructure and Systems Engineering Services,POSITIVE
2022-09-13 14:05:23+00:00,Goldman Sachs Downgrades Infosys to Sell,NEGATIVE
2022-09-13 14:05:23+00:00,Goldman Sachs Downgrades Infosys to Sell,NEGATIVE
2022-09-16 18:08:34+00:00,Stocks That Hit 52-Week Lows On Friday,NEGATIVE
2022-09-16 14:04:34+00:00,"Benzinga's Top Ratings Upgrades, Downgrades For September 16, 2022",NEGATIVE
2022-09-16 12:55:37+00:00,"HCA Healthcare To Surge About 20%, Plus This Analyst Increases PT On Netflix",NEGATIVE
2022-09-16 11:07:59+00:00,"Susquehanna Downgrades Infosys to Neutral, Lowers Price Target to $20",NEGATIVE
2022-09-16 18:08:34+00:00,Stocks That Hit 52-Week Lows On Friday,NEGATIVE
2022-09-16 14:04:34+00:00,"Benzinga's Top Ratings Upgrades, Downgrades For September 16, 2022",NEGATIVE
2022-09-16 12:55:37+00:00,"HCA Healthcare To Surge About 20%, Plus This Analyst Increases PT On Netflix",NEGATIVE
2022-09-16 11:07:59+00:00,"Susquehanna Downgrades Infosys to Neutral, Lowers Price Target to $20",NEGATIVE
2022-09-20 16:04:31+00:00,Stocks That Hit 52-Week Lows On Tuesday,NEGATIVE
2022-09-20 16:04:31+00:00,Stocks That Hit 52-Week Lows On Tuesday,NEGATIVE
2022-09-22 18:17:21+00:00,Stocks That Hit 52-Week Lows On Thursday,NEGATIVE
2022-09-22 18:17:21+00:00,Stocks That Hit 52-Week Lows On Thursday,NEGATIVE
2022-09-26 14:57:53+00:00,"Infosys Digital Centre Opens In Calgary, Alberta, Canada With Commitment To Creating 1,000 New Local Jobs By 2024",POSITIVE
2022-09-26 14:57:53+00:00,"Infosys Digital Centre Opens In Calgary, Alberta, Canada With Commitment To Creating 1,000 New Local Jobs By 2024",POSITIVE
2022-10-12 14:13:43+00:00,Infosys's Earnings Outlook,NEGATIVE
2022-10-13 12:20:51+00:00,"Infosys Registers 19% Revenue Growth In Q2; Proposes Interim Dividend, $1B Buyback",NEGATIVE
2022-10-13 09:16:19+00:00,"Earnings Scheduled For October 13, 2022",NEGATIVE
2022-10-13 11:15:02+00:00,Infosys: Q2 Earnings Insights,NEGATIVE
2022-10-13 10:41:16+00:00,Infosys Reports Q2 Net Profit R$60.21B Up From R$54.21B YoY,NEGATIVE
2022-10-13 10:34:55+00:00,Infosys To Buy Back Shares Worth Up To 93B Rupees,NEGATIVE
2022-10-12 14:13:43+00:00,Infosys's Earnings Outlook,NEGATIVE
2022-10-14 18:26:41+00:00,"Infosys Has Limited Upside As Weakening Economy Creates Challenging Backdrop For The Industry, Analyst Says",NEGATIVE
2022-10-14 17:43:05+00:00,10 Information Technology Stocks With Whale Alerts In Today's Session,NEGATIVE
2022-10-14 16:05:38+00:00,5 Analysts Have This to Say About Infosys,NEGATIVE
2022-10-14 15:24:59+00:00,What 4 Analyst Ratings Have To Say About Infosys,NEGATIVE
2022-10-14 12:05:40+00:00,"Cowen & Co. Maintains Market Perform on Infosys, Lowers Price Target to $18",NEGATIVE
2022-10-14 11:57:45+00:00,"BMO Capital Maintains Market Perform on Infosys, Lowers Price Target to $20",NEGATIVE
2022-10-14 11:15:24+00:00,"Dow Futures Solidly Higher Amid Earnings, Energy Rally  Nutanix, Beyond Meat, Big-Bank Stocks In Focus Today",POSITIVE
2022-10-13 12:20:51+00:00,"Infosys Registers 19% Revenue Growth In Q2; Proposes Interim Dividend, $1B Buyback",NEGATIVE
2022-10-13 09:16:19+00:00,"Earnings Scheduled For October 13, 2022",NEGATIVE
2022-10-13 11:15:02+00:00,Infosys: Q2 Earnings Insights,NEGATIVE
2022-10-14 18:26:41+00:00,"Infosys Has Limited Upside As Weakening Economy Creates Challenging Backdrop For The Industry, Analyst Says",NEGATIVE
2022-10-14 17:43:05+00:00,10 Information Technology Stocks With Whale Alerts In Today's Session,NEGATIVE
2022-10-14 16:05:38+00:00,5 Analysts Have This to Say About Infosys,NEGATIVE
2022-10-14 15:24:59+00:00,What 4 Analyst Ratings Have To Say About Infosys,NEGATIVE
2022-10-14 12:05:40+00:00,"Cowen & Co. Maintains Market Perform on Infosys, Lowers Price Target to $18",NEGATIVE
2022-10-14 11:57:45+00:00,"BMO Capital Maintains Market Perform on Infosys, Lowers Price Target to $20",NEGATIVE
2022-10-14 11:15:24+00:00,"Dow Futures Solidly Higher Amid Earnings, Energy Rally  Nutanix, Beyond Meat, Big-Bank Stocks In Focus Today",POSITIVE
2022-11-08 17:52:02+00:00,10 Information Technology Stocks With Whale Alerts In Today's Session,NEGATIVE
2022-11-08 17:52:02+00:00,10 Information Technology Stocks With Whale Alerts In Today's Session,NEGATIVE
2022-11-22 10:05:27+00:00,Infosys to Digitize and Automate Processes at Envision AESC's EV Battery Manufacturing Plants,NEGATIVE
2022-11-22 10:05:27+00:00,Infosys to Digitize and Automate Processes at Envision AESC's EV Battery Manufacturing Plants,NEGATIVE
2022-12-09 13:06:19+00:00,12 Information Technology Stocks Moving In Friday's Pre-Market Session,POSITIVE
2022-12-09 13:06:19+00:00,12 Information Technology Stocks Moving In Friday's Pre-Market Session,POSITIVE
2023-01-11 14:00:35+00:00,Earnings Preview For Infosys,NEGATIVE
2023-01-12 15:54:43+00:00,Cognizant Shares Gain Following Leadership Changes; Names Former Infosys President Ravi Kumar As CEO,POSITIVE
2023-01-12 13:24:16+00:00,Infosys Shares Gain After FY23 Guidance Boost; Clocks 14% Revenue Growth In Q3,POSITIVE
2023-01-12 11:16:09+00:00,"Infosys Q3 EPS $0.19, Inline, Sales $4.66B Miss $4.69B Estimate",NEGATIVE
2023-01-12 11:02:21+00:00,"Earnings Scheduled For January 12, 2023",NEGATIVE
2023-01-12 09:09:12+00:00,"Taiwan Semiconductor, Disney And 3 Stocks To Watch Heading Into Thursday",NEGATIVE
2023-01-12 09:06:38+00:00,Investor Optimism Improves Ahead Of Key Inflation Data,POSITIVE
2023-01-11 14:00:35+00:00,Earnings Preview For Infosys,NEGATIVE
2023-01-13 12:51:49+00:00,"BMO Capital Maintains Market Perform on Infosys, Raises Price Target to $21",NEGATIVE
2023-01-12 15:54:43+00:00,Cognizant Shares Gain Following Leadership Changes; Names Former Infosys President Ravi Kumar As CEO,POSITIVE
2023-01-12 13:24:16+00:00,Infosys Shares Gain After FY23 Guidance Boost; Clocks 14% Revenue Growth In Q3,POSITIVE
2023-01-12 11:16:09+00:00,"Infosys Q3 EPS $0.19, Inline, Sales $4.66B Miss $4.69B Estimate",NEGATIVE
2023-01-12 11:02:21+00:00,"Earnings Scheduled For January 12, 2023",NEGATIVE
2023-01-12 09:09:12+00:00,"Taiwan Semiconductor, Disney And 3 Stocks To Watch Heading Into Thursday",NEGATIVE
2023-01-12 09:06:38+00:00,Investor Optimism Improves Ahead Of Key Inflation Data,POSITIVE
2023-01-13 12:51:49+00:00,"BMO Capital Maintains Market Perform on Infosys, Raises Price Target to $21",NEGATIVE
2023-01-18 19:32:16+00:00,Here's How Much You Would Have Made Owning Infosys Stock In The Last 10 Years,NEGATIVE
2023-01-17 14:07:09+00:00,Nomura Sees India's Central Bank Hiking Rates By This Much In February,NEGATIVE
2023-01-18 19:32:16+00:00,Here's How Much You Would Have Made Owning Infosys Stock In The Last 10 Years,NEGATIVE
2023-01-17 14:07:09+00:00,Nomura Sees India's Central Bank Hiking Rates By This Much In February,NEGATIVE
2023-02-07 10:23:56+00:00,Infosys Collaborates with GE Digital to Deliver Energy Transition Solutions,POSITIVE
2023-02-07 10:23:56+00:00,Infosys Collaborates with GE Digital to Deliver Energy Transition Solutions,POSITIVE
2023-02-23 09:56:31+00:00,Infosys Plans To Expand Its Collaboration With Microsoft To Help Accelerate Enterprise Cloud Transformation,POSITIVE
2023-02-23 09:56:31+00:00,Infosys Plans To Expand Its Collaboration With Microsoft To Help Accelerate Enterprise Cloud Transformation,POSITIVE
2023-02-27 10:47:03+00:00,Infosys Rolls Out Private 5G-as-a-Service to Accelerate Business Value for Enterprise Clients Worldwide,NEGATIVE
2023-02-27 10:47:03+00:00,Infosys Rolls Out Private 5G-as-a-Service to Accelerate Business Value for Enterprise Clients Worldwide,NEGATIVE
2023-03-06 17:31:13+00:00,Here's How Much You Would Have Made Owning Infosys Stock In The Last 5 Years,NEGATIVE
2023-03-06 17:31:13+00:00,Here's How Much You Would Have Made Owning Infosys Stock In The Last 5 Years,NEGATIVE
2023-03-09 10:24:58+00:00,Infosys Announced Collaboration with Mobility Specialist ZF to Revamp Supply Chain Operations,POSITIVE
2023-03-09 10:24:58+00:00,Infosys Announced Collaboration with Mobility Specialist ZF to Revamp Supply Chain Operations,POSITIVE
2023-03-13 12:23:56+00:00,"Wedbush Maintains Outperform on Infosys, Lowers Price Target to $22",NEGATIVE
2023-03-13 12:23:56+00:00,"Wedbush Maintains Outperform on Infosys, Lowers Price Target to $22",NEGATIVE
2023-03-16 17:15:34+00:00,(INFY) - Analyzing Infosys's Short Interest,NEGATIVE
2023-03-16 17:15:34+00:00,(INFY) - Analyzing Infosys's Short Interest,NEGATIVE
2023-03-23 13:50:22+00:00,United Nations Development Programme Collaborates With Infosys Public Services To Implement Oracle Fusion Cloud Applications Suite,POSITIVE
2023-03-23 13:50:22+00:00,United Nations Development Programme Collaborates With Infosys Public Services To Implement Oracle Fusion Cloud Applications Suite,POSITIVE
2023-04-05 14:00:54+00:00,"If You Invested $100 In This Stock 5 Years Ago, You Would Have $200 Today",NEGATIVE
2023-04-05 10:07:03+00:00,"Infosys Collaborating with LexisNexis to Provide Information Services across Content, Enterprise, and Products Applications",POSITIVE
2023-04-06 17:35:15+00:00,10 Information Technology Stocks With Whale Alerts In Today's Session,NEGATIVE
2023-04-05 14:00:54+00:00,"If You Invested $100 In This Stock 5 Years Ago, You Would Have $200 Today",NEGATIVE
2023-04-05 10:07:03+00:00,"Infosys Collaborating with LexisNexis to Provide Information Services across Content, Enterprise, and Products Applications",POSITIVE
2023-04-06 17:35:15+00:00,10 Information Technology Stocks With Whale Alerts In Today's Session,NEGATIVE
2023-04-11 08:45:07+00:00,How To Attend Infosys Q4 2023 Earnings Conference Call,NEGATIVE
2023-04-12 17:15:00+00:00,"Nasdaq, S&P 500 Price Action Reveals Anxiety As Traders Assess Inflation Data, Await Fed Minutes",NEGATIVE
2023-04-12 14:00:30+00:00,Earnings Preview: Infosys,NEGATIVE
2023-04-11 08:45:07+00:00,How To Attend Infosys Q4 2023 Earnings Conference Call,NEGATIVE
2023-04-13 16:24:13+00:00,Why ViewRay Shares Are Trading Lower By 32%? Here Are Other Stocks Moving In Thursday's Mid-Day Session,NEGATIVE
2023-04-13 16:02:00+00:00,Stocks That Hit 52-Week Lows On Thursday,NEGATIVE
2023-04-13 13:06:01+00:00,12 Information Technology Stocks Moving In Thursday's Pre-Market Session,POSITIVE
2023-04-13 12:21:02+00:00,Why Infosys Shares Are Falling Today,NEGATIVE
2023-04-13 10:59:19+00:00,"Infosys Board Proposed A Final Dividend Of 17.50 Per Share, Taking Total Dividend For FY23 To 34 Per Share, Increasing 9.7% Y/Y",NEGATIVE
2023-04-13 10:50:39+00:00,Infosys Expects FY24 Revenue Growth 4%-7% in Constant Currency,NEGATIVE
2023-04-13 10:47:32+00:00,"Infosys Q4 EPS $0.18 Misses $0.19 Estimate, Sales $4.55B Miss $4.74B Estimate",NEGATIVE
2023-04-13 08:42:53+00:00,"Earnings Scheduled For April 13, 2023",NEGATIVE
2023-04-13 08:00:46+00:00,"Delta Air Lines, Harley-Davidson And 3 Stocks To Watch Heading Into Thursday",POSITIVE
2023-04-13 07:13:08+00:00,Investor Optimism Improves Slightly Following Inflation Data,POSITIVE
2023-04-14 17:09:28+00:00,Stocks That Hit 52-Week Lows On Friday,NEGATIVE
2023-04-14 16:47:58+00:00,JP Morgan Downgrades Infosys to Underweight,NEGATIVE
2023-04-14 11:29:33+00:00,"BMO Capital Maintains Market Perform on Infosys, Lowers Price Target to $18",NEGATIVE
2023-04-13 16:24:13+00:00,Why ViewRay Shares Are Trading Lower By 32%? Here Are Other Stocks Moving In Thursday's Mid-Day Session,NEGATIVE
2023-04-13 16:02:00+00:00,Stocks That Hit 52-Week Lows On Thursday,NEGATIVE
2023-04-13 13:06:01+00:00,12 Information Technology Stocks Moving In Thursday's Pre-Market Session,POSITIVE
2023-04-13 12:21:02+00:00,Why Infosys Shares Are Falling Today,NEGATIVE
2023-04-13 10:59:19+00:00,"Infosys Board Proposed A Final Dividend Of 17.50 Per Share, Taking Total Dividend For FY23 To 34 Per Share, Increasing 9.7% Y/Y",NEGATIVE
2023-04-13 10:50:39+00:00,Infosys Expects FY24 Revenue Growth 4%-7% in Constant Currency,NEGATIVE
2023-04-13 10:47:32+00:00,"Infosys Q4 EPS $0.18 Misses $0.19 Estimate, Sales $4.55B Miss $4.74B Estimate",NEGATIVE
2023-04-14 17:09:28+00:00,Stocks That Hit 52-Week Lows On Friday,NEGATIVE
2023-04-14 16:47:58+00:00,JP Morgan Downgrades Infosys to Underweight,NEGATIVE
2023-04-14 11:29:33+00:00,"BMO Capital Maintains Market Perform on Infosys, Lowers Price Target to $18",NEGATIVE
2023-04-17 17:42:49+00:00,Stocks That Hit 52-Week Lows On Monday,NEGATIVE
2023-04-18 17:15:46+00:00,Stocks That Hit 52-Week Lows On Tuesday,NEGATIVE
2023-04-17 17:42:49+00:00,Stocks That Hit 52-Week Lows On Monday,NEGATIVE
2023-04-19 17:04:28+00:00,Stocks That Hit 52-Week Lows On Wednesday,NEGATIVE
2023-04-18 17:15:46+00:00,Stocks That Hit 52-Week Lows On Tuesday,NEGATIVE
2023-04-19 17:04:28+00:00,Stocks That Hit 52-Week Lows On Wednesday,NEGATIVE
2023-04-24 18:12:50+00:00,Stocks That Hit 52-Week Lows On Monday,NEGATIVE
2023-04-24 10:12:46+00:00,Infosys and Aramco To Leverage AI to Create Digitally Connected Employee Experiences,POSITIVE
2023-04-25 08:42:38+00:00,Infosys Taps ServiceNow To Launch Live Operations Platform To Boost Customer Experience for Telecom Providers,POSITIVE
2023-04-24 18:12:50+00:00,Stocks That Hit 52-Week Lows On Monday,NEGATIVE
2023-04-24 10:12:46+00:00,Infosys and Aramco To Leverage AI to Create Digitally Connected Employee Experiences,POSITIVE
2023-04-26 14:37:22+00:00,"Reported Earlier, Infosys Teams Up With Walmart Commerce Technologies To Deliver Scalable Omni-Channel Solutions To Retailers",NEGATIVE
2023-04-25 08:42:38+00:00,Infosys Taps ServiceNow To Launch Live Operations Platform To Boost Customer Experience for Telecom Providers,POSITIVE
2023-04-26 14:37:22+00:00,"Reported Earlier, Infosys Teams Up With Walmart Commerce Technologies To Deliver Scalable Omni-Channel Solutions To Retailers",NEGATIVE
2023-04-28 18:00:37+00:00,"$1000 Invested In This Stock 10 Years Ago Would Be Worth $3,000 Today",POSITIVE
2023-04-28 18:00:37+00:00,"$1000 Invested In This Stock 10 Years Ago Would Be Worth $3,000 Today",POSITIVE
2023-05-09 18:30:45+00:00,Here's How Much $1000 Invested In Infosys 20 Years Ago Would Be Worth Today,NEGATIVE
2023-05-09 18:30:45+00:00,Here's How Much $1000 Invested In Infosys 20 Years Ago Would Be Worth Today,NEGATIVE
2023-05-16 09:36:25+00:00,"Infosys, BP Sign Memorandum Of Understanding Regarding Digital Application Landscape",POSITIVE
2023-05-16 09:36:25+00:00,"Infosys, BP Sign Memorandum Of Understanding Regarding Digital Application Landscape",POSITIVE
2023-05-23 09:47:34+00:00,Launched Today: Infosys Topaz - An AI-First Offering To Accelerate Business Value For Global Enterprises Using Generative AI,POSITIVE
2023-05-24 15:00:49+00:00,"Benzinga's Top Ratings Upgrades, Downgrades For May 24, 2023",NEGATIVE
2023-05-24 08:51:20+00:00,"JP Morgan Initiates Coverage On Infosys with Underweight Rating, Announces Price Target of $14",NEGATIVE
2023-05-23 09:47:34+00:00,Launched Today: Infosys Topaz - An AI-First Offering To Accelerate Business Value For Global Enterprises Using Generative AI,POSITIVE
2023-05-25 19:30:41+00:00,Here's How Much You Would Have Made Owning Infosys Stock In The Last 10 Years,NEGATIVE
2023-05-24 15:00:49+00:00,"Benzinga's Top Ratings Upgrades, Downgrades For May 24, 2023",NEGATIVE
2023-05-24 08:51:20+00:00,"JP Morgan Initiates Coverage On Infosys with Underweight Rating, Announces Price Target of $14",NEGATIVE
2023-05-25 19:30:41+00:00,Here's How Much You Would Have Made Owning Infosys Stock In The Last 10 Years,NEGATIVE
2023-05-30 08:27:44+00:00,Infosys and Roland-Garros Serve Up New AI-Powered Experiences for the Tennis Ecosystem,POSITIVE
2023-05-30 08:27:44+00:00,Infosys and Roland-Garros Serve Up New AI-Powered Experiences for the Tennis Ecosystem,POSITIVE
2023-06-09 17:00:49+00:00,Here's How Much $100 Invested In Infosys 20 Years Ago Would Be Worth Today,NEGATIVE
2023-06-09 17:00:49+00:00,Here's How Much $100 Invested In Infosys 20 Years Ago Would Be Worth Today,NEGATIVE
2023-06-20 08:42:40+00:00,"Infosys and ATP Collaborate to Launch Carbon Tracker, Helping Accelerate the Sport's Sustainability Journey",POSITIVE
2023-06-21 15:16:12+00:00,"Susquehanna Downgrades Infosys to Negative, Lowers Price Target to $13",NEGATIVE
2023-06-20 08:42:40+00:00,"Infosys and ATP Collaborate to Launch Carbon Tracker, Helping Accelerate the Sport's Sustainability Journey",POSITIVE
2023-06-21 15:16:12+00:00,"Susquehanna Downgrades Infosys to Negative, Lowers Price Target to $13",NEGATIVE
2023-06-27 18:00:44+00:00,$1000 Invested In Infosys 10 Years Ago Would Be Worth This Much Today,POSITIVE
2023-06-27 18:00:44+00:00,$1000 Invested In Infosys 10 Years Ago Would Be Worth This Much Today,POSITIVE
2023-07-05 13:51:47+00:00,International Tennis Hall of Fame And Infosys Launch Immersive Metaverse Museum Experience,POSITIVE
2023-07-06 13:32:23+00:00,Infosys Public Services Expands In Canada,POSITIVE
2023-07-05 13:51:47+00:00,International Tennis Hall of Fame And Infosys Launch Immersive Metaverse Museum Experience,POSITIVE
2023-07-06 13:32:23+00:00,Infosys Public Services Expands In Canada,POSITIVE
2023-07-12 17:30:45+00:00,Peering Into Infosys's Recent Short Interest,NEGATIVE
2023-07-13 17:30:26+00:00,"If You Invested $1000 In This Stock 20 Years Ago, You Would Have $10,000 Today",NEGATIVE
2023-07-12 17:30:45+00:00,Peering Into Infosys's Recent Short Interest,NEGATIVE
2023-07-13 17:30:26+00:00,"If You Invested $1000 In This Stock 20 Years Ago, You Would Have $10,000 Today",NEGATIVE
2023-07-18 16:54:33+00:00,"Infosys Secures $2B Contract, Sets Positive Tone Amidst Accenture and TCS Reports: Analyst",POSITIVE
2023-07-18 11:55:35+00:00,What's Going On With Infosys Stock Tuesday?,NEGATIVE
2023-07-18 16:54:33+00:00,"Infosys Secures $2B Contract, Sets Positive Tone Amidst Accenture and TCS Reports: Analyst",POSITIVE
2023-07-18 11:55:35+00:00,What's Going On With Infosys Stock Tuesday?,NEGATIVE
2023-07-20 17:26:43+00:00,Why Infosys Shares Are Trading Lower By 9%? Here Are Other Stocks Moving In Thursday's Mid-Day Session,NEGATIVE
2023-07-20 13:05:53+00:00,12 Information Technology Stocks Moving In Thursday's Pre-Market Session,POSITIVE
2023-07-20 10:29:46+00:00,"Infosys Q1 EPS $0.17 Misses $0.18 Estimate, Sales $4.62B Beat $4.58B Estimate",NEGATIVE
2023-07-20 17:26:43+00:00,Why Infosys Shares Are Trading Lower By 9%? Here Are Other Stocks Moving In Thursday's Mid-Day Session,NEGATIVE
2023-07-20 13:05:53+00:00,12 Information Technology Stocks Moving In Thursday's Pre-Market Session,POSITIVE
2023-07-20 10:29:46+00:00,"Infosys Q1 EPS $0.17 Misses $0.18 Estimate, Sales $4.62B Beat $4.58B Estimate",NEGATIVE
2023-07-26 18:30:17+00:00,Here's How Much $1000 Invested In Infosys 20 Years Ago Would Be Worth Today,NEGATIVE
2023-07-26 18:30:17+00:00,Here's How Much $1000 Invested In Infosys 20 Years Ago Would Be Worth Today,NEGATIVE
2023-08-02 15:15:17+00:00,How Is The Market Feeling About Infosys?,NEGATIVE
2023-08-02 15:15:17+00:00,How Is The Market Feeling About Infosys?,NEGATIVE
2023-08-04 15:45:18+00:00,P/E Ratio Insights for Infosys,POSITIVE
2023-08-04 15:45:18+00:00,P/E Ratio Insights for Infosys,POSITIVE
2023-08-15 16:00:23+00:00,Here's How Much $100 Invested In Infosys 20 Years Ago Would Be Worth Today,NEGATIVE
2023-08-15 10:39:13+00:00,"Liberty Global Boosts Partnership With Infosys, Sees Annual Cost Savings Of 100M",POSITIVE
2023-08-15 07:29:51+00:00,Liberty Global and Infosys Expand Collaboration to Bring AI-Powered Digital Entertainment to Customers Worldwide,POSITIVE
2023-08-15 16:00:23+00:00,Here's How Much $100 Invested In Infosys 20 Years Ago Would Be Worth Today,NEGATIVE
2023-08-15 10:39:13+00:00,"Liberty Global Boosts Partnership With Infosys, Sees Annual Cost Savings Of 100M",POSITIVE
2023-08-15 07:29:51+00:00,Liberty Global and Infosys Expand Collaboration to Bring AI-Powered Digital Entertainment to Customers Worldwide,POSITIVE
2023-08-18 16:45:24+00:00,Looking Into Infosys's Recent Short Interest,NEGATIVE
2023-08-18 16:45:24+00:00,Looking Into Infosys's Recent Short Interest,NEGATIVE
2023-08-24 10:12:49+00:00,Infosys Brings Global Tennis Star Rafael Nadal As Ambassador For The Brand And Digital Innovation,POSITIVE
2023-08-24 10:12:49+00:00,Infosys Brings Global Tennis Star Rafael Nadal As Ambassador For The Brand And Digital Innovation,POSITIVE
2023-09-04 18:00:29+00:00,"If You Invested $1000 In This Stock 20 Years Ago, You Would Have $8,500 Today",NEGATIVE
2023-09-04 18:00:29+00:00,"If You Invested $1000 In This Stock 20 Years Ago, You Would Have $8,500 Today",NEGATIVE
2023-09-06 15:00:22+00:00,(INFY) - Analyzing Infosys's Short Interest,NEGATIVE
2023-09-06 15:00:22+00:00,(INFY) - Analyzing Infosys's Short Interest,NEGATIVE
2023-09-12 15:30:20+00:00,$100 Invested In Infosys 20 Years Ago Would Be Worth This Much Today,POSITIVE
2023-09-12 10:26:26+00:00,"Infosys Announced A Strategic Multi-year Collaboration With STARK Group Leveraging The Recently Launched Infosys Topaz, An Ai-first Set Of Services, Solutions And Platforms Using Generative Ai Technologies",POSITIVE
2023-09-12 15:30:20+00:00,$100 Invested In Infosys 20 Years Ago Would Be Worth This Much Today,POSITIVE
2023-09-12 10:26:26+00:00,"Infosys Announced A Strategic Multi-year Collaboration With STARK Group Leveraging The Recently Launched Infosys Topaz, An Ai-first Set Of Services, Solutions And Platforms Using Generative Ai Technologies",POSITIVE
2023-09-14 15:15:23+00:00,A Look Into Infosys Inc's Price Over Earnings,POSITIVE
2023-09-14 15:15:23+00:00,A Look Into Infosys Inc's Price Over Earnings,POSITIVE
2023-09-18 13:03:16+00:00,"Wedbush Reiterates Outperform on Infosys, Maintains $22 Price Target",NEGATIVE
2023-09-18 13:03:16+00:00,"Wedbush Reiterates Outperform on Infosys, Maintains $22 Price Target",NEGATIVE
2023-09-20 14:35:50+00:00,What's Going On With Nvidia Stock Wednesday?,NEGATIVE
2023-09-20 10:06:33+00:00,Infosys And NVIDIA Team To Help World's Enterprises Boost Productivity With Generative AI,POSITIVE
2023-09-21 10:56:38+00:00,Nigeria's Guaranty Trust Bank Selects Infosys Finacle For Its Multi-Country Digital Banking Transformation,POSITIVE
2023-09-20 14:35:50+00:00,What's Going On With Nvidia Stock Wednesday?,NEGATIVE
2023-09-20 10:06:33+00:00,Infosys And NVIDIA Team To Help World's Enterprises Boost Productivity With Generative AI,POSITIVE
2023-09-22 15:48:57+00:00,What Was AI Giant Nvidia's Founder Jensen Huang Getting Up To In India This Week?,POSITIVE
2023-09-21 10:56:38+00:00,Nigeria's Guaranty Trust Bank Selects Infosys Finacle For Its Multi-Country Digital Banking Transformation,POSITIVE
2023-09-22 15:48:57+00:00,What Was AI Giant Nvidia's Founder Jensen Huang Getting Up To In India This Week?,POSITIVE
2023-09-25 15:45:32+00:00,Looking Into Infosys's Recent Short Interest,NEGATIVE
2023-09-26 14:55:40+00:00,Infosys & Microsoft Partner To Drive Industry-Wide Adoption Of Generative AI,POSITIVE
2023-09-26 10:08:12+00:00,Infosys Collaborates With Microsoft To Accelerate And Democratize Industry-wide Adoption Of Generative AI,POSITIVE
2023-09-25 15:45:32+00:00,Looking Into Infosys's Recent Short Interest,NEGATIVE
2023-09-27 21:00:19+00:00,"If You Invested $1000 In This Stock 10 Years Ago, You Would Have $2,900 Today",NEGATIVE
2023-09-27 10:24:23+00:00,Infosys Launches Industry Cloud To Catalyse Digital Transformation Of The Commercial Airline Industry,POSITIVE
2023-09-26 14:55:40+00:00,Infosys & Microsoft Partner To Drive Industry-Wide Adoption Of Generative AI,POSITIVE
2023-09-26 10:08:12+00:00,Infosys Collaborates With Microsoft To Accelerate And Democratize Industry-wide Adoption Of Generative AI,POSITIVE
2023-09-27 21:00:19+00:00,"If You Invested $1000 In This Stock 10 Years Ago, You Would Have $2,900 Today",NEGATIVE
2023-09-27 10:24:23+00:00,Infosys Launches Industry Cloud To Catalyse Digital Transformation Of The Commercial Airline Industry,POSITIVE
2023-10-04 16:18:53+00:00,"JP Morgan Upgrades Infosys to Neutral, Raises Price Target to $16.8",NEGATIVE
2023-10-05 10:04:11+00:00,Infosys And Economist Impact Announced The Launch Of The Value Chain Navigator (VCN) To Aid Businesses In Understanding And Addressing Their Scope 3 Emissions,POSITIVE
2023-10-04 16:18:53+00:00,"JP Morgan Upgrades Infosys to Neutral, Raises Price Target to $16.8",NEGATIVE
2023-10-06 20:14:49+00:00,"Shutdown Averted, Treasury Yields Flirt With 5%, Strong Payrolls Add to Fed Tightening Risk: The Week In The Markets",POSITIVE
2023-10-05 10:04:11+00:00,Infosys And Economist Impact Announced The Launch Of The Value Chain Navigator (VCN) To Aid Businesses In Understanding And Addressing Their Scope 3 Emissions,POSITIVE
2023-10-06 20:14:49+00:00,"Shutdown Averted, Treasury Yields Flirt With 5%, Strong Payrolls Add to Fed Tightening Risk: The Week In The Markets",POSITIVE
2023-10-09 17:35:17+00:00,10 Information Technology Stocks With Whale Alerts In Today's Session,NEGATIVE
2023-10-09 17:35:17+00:00,10 Information Technology Stocks With Whale Alerts In Today's Session,NEGATIVE
2023-10-11 19:30:19+00:00,(INFY) - Analyzing Infosys's Short Interest,NEGATIVE
2023-10-11 14:00:48+00:00,Earnings Preview: Infosys,NEGATIVE
2023-10-12 16:55:08+00:00,Why InMode Shares Are Trading Lower By 20%? Here Are Other Stocks Moving In Thursday's Mid-Day Session,NEGATIVE
2023-10-12 11:59:21+00:00,Why Is Infosys Stock Is Sliding Today?,NEGATIVE
2023-10-12 11:40:02+00:00,Infosys and Temasek Extend Digital Services Joint Venture for Five Years,NEGATIVE
2023-10-12 10:50:28+00:00,The Infosys Board Declared an Interim Dividend of INR18/Share,NEGATIVE
2023-10-12 10:45:28+00:00,"For FY24, Infosys Sees Revenue Growth of 1.0%-2.5% in Constant Currency (Prior 1.0%-3.5%) Vs. Consensus $18.71B and Operating Margin of 20.0%-22.0%",NEGATIVE
2023-10-12 10:40:37+00:00,"Infosys Q2 EPS $0.18, Vs. $0.18 A Year Ago, Sales $4.72B Beat $4.61B Estimate",NEGATIVE
2023-10-12 09:21:51+00:00,"Earnings Scheduled For October 12, 2023",NEGATIVE
2023-10-12 07:45:50+00:00,Infosys Gears Up For Q2 Print; Here's A Look At Recent Price Target Changes By The Most Accurate Analysts,NEGATIVE
2023-10-11 19:30:19+00:00,(INFY) - Analyzing Infosys's Short Interest,NEGATIVE
2023-10-11 14:00:48+00:00,Earnings Preview: Infosys,NEGATIVE
2023-10-12 16:55:08+00:00,Why InMode Shares Are Trading Lower By 20%? Here Are Other Stocks Moving In Thursday's Mid-Day Session,NEGATIVE
2023-10-12 11:59:21+00:00,Why Is Infosys Stock Is Sliding Today?,NEGATIVE
2023-10-12 11:40:02+00:00,Infosys and Temasek Extend Digital Services Joint Venture for Five Years,NEGATIVE
2023-10-12 10:50:28+00:00,The Infosys Board Declared an Interim Dividend of INR18/Share,NEGATIVE
2023-10-12 10:45:28+00:00,"For FY24, Infosys Sees Revenue Growth of 1.0%-2.5% in Constant Currency (Prior 1.0%-3.5%) Vs. Consensus $18.71B and Operating Margin of 20.0%-22.0%",NEGATIVE
2023-10-12 10:40:37+00:00,"Infosys Q2 EPS $0.18, Vs. $0.18 A Year Ago, Sales $4.72B Beat $4.61B Estimate",NEGATIVE
2023-10-12 09:21:51+00:00,"Earnings Scheduled For October 12, 2023",NEGATIVE
2023-10-12 07:45:50+00:00,Infosys Gears Up For Q2 Print; Here's A Look At Recent Price Target Changes By The Most Accurate Analysts,NEGATIVE
2023-10-17 16:30:38+00:00,"$1000 Invested In This Stock 20 Years Ago Would Be Worth $7,100 Today",NEGATIVE
2023-10-18 10:03:24+00:00,Infosys And Google Cloud Expand Alliance To Help Enterprises Transform Into AI-First Organizations,POSITIVE
2023-10-17 16:30:38+00:00,"$1000 Invested In This Stock 20 Years Ago Would Be Worth $7,100 Today",NEGATIVE
2023-10-18 10:03:24+00:00,Infosys And Google Cloud Expand Alliance To Help Enterprises Transform Into AI-First Organizations,POSITIVE
2023-10-25 09:11:14+00:00,Will AI Ignite Social Unrest In The UK? Infosys Executive Weighs In,NEGATIVE
2023-10-26 08:23:20+00:00,Infosys Inked A Five-Year Deal With Automotive Marquee Smart Europe GmbH To Refine Its Direct-To-Customer Business Model In Europe And Bring Sustainable Electric Mobility To Customers,POSITIVE
2023-10-25 09:11:14+00:00,Will AI Ignite Social Unrest In The UK? Infosys Executive Weighs In,NEGATIVE
2023-10-26 08:23:20+00:00,Infosys Inked A Five-Year Deal With Automotive Marquee Smart Europe GmbH To Refine Its Direct-To-Customer Business Model In Europe And Bring Sustainable Electric Mobility To Customers,POSITIVE
2023-11-01 13:33:40+00:00,Come Back To Office For 10 Days A Month - India's Tech Giant Infosys Tells Entry And Mid-Level Employees,NEGATIVE
2023-11-01 13:33:40+00:00,Come Back To Office For 10 Days A Month - India's Tech Giant Infosys Tells Entry And Mid-Level Employees,NEGATIVE
2023-11-03 10:36:38+00:00,Infosys McCamish Systems  Experienced A Cybersecurity Event Affecting Certain Applications; Infosys Is Collaborating With A Top Cybersecurity Firm To Address The Issue And Investigate Potential Impacts On Our Systems And Data,POSITIVE
2023-11-03 10:36:38+00:00,Infosys McCamish Systems  Experienced A Cybersecurity Event Affecting Certain Applications; Infosys Is Collaborating With A Top Cybersecurity Firm To Address The Issue And Investigate Potential Impacts On Our Systems And Data,POSITIVE
2023-11-07 14:30:30+00:00,"$1000 Invested In This Stock 20 Years Ago Would Be Worth $6,400 Today",POSITIVE
2023-11-07 14:30:30+00:00,"$1000 Invested In This Stock 20 Years Ago Would Be Worth $6,400 Today",POSITIVE
2023-11-09 14:29:26+00:00,Infosys And Better Collaborate To Offer Mortgage As A Service,NEGATIVE
2023-11-09 14:29:26+00:00,Infosys And Better Collaborate To Offer Mortgage As A Service,NEGATIVE
2023-11-15 20:00:24+00:00,(INFY) - Analyzing Infosys's Short Interest,NEGATIVE
2023-11-15 20:00:24+00:00,(INFY) - Analyzing Infosys's Short Interest,NEGATIVE
2023-11-17 19:30:15+00:00,"If You Invested $1000 In This Stock 20 Years Ago, You Would Have $6,900 Today",NEGATIVE
2023-11-17 19:30:15+00:00,"If You Invested $1000 In This Stock 20 Years Ago, You Would Have $6,900 Today",NEGATIVE
2023-11-21 08:28:51+00:00,"Infosys Collaborates with Proximus, Offering Fiber and New Digital Services to More Customers",POSITIVE
2023-11-22 10:22:05+00:00,Infosys And TK Elevator Extend Strategic Collaboration To Modernize The Digital Landscape Of TK Elevator,POSITIVE
2023-11-21 08:28:51+00:00,"Infosys Collaborates with Proximus, Offering Fiber and New Digital Services to More Customers",POSITIVE
2023-11-22 10:22:05+00:00,Infosys And TK Elevator Extend Strategic Collaboration To Modernize The Digital Landscape Of TK Elevator,POSITIVE
2023-12-01 19:45:18+00:00,(INFY) - Analyzing Infosys's Short Interest,NEGATIVE
2023-12-01 19:45:18+00:00,(INFY) - Analyzing Infosys's Short Interest,NEGATIVE
2023-12-08 21:30:27+00:00,"If You Invested $1000 In This Stock 20 Years Ago, You Would Have $6,400 Today",NEGATIVE
2023-12-08 21:30:27+00:00,"If You Invested $1000 In This Stock 20 Years Ago, You Would Have $6,400 Today",NEGATIVE
2023-12-11 14:34:50+00:00,"Infosys CFO Nilanjan Roy Resigns From The Company, Effective March 31, 2024; Company Appoints Jayesh Sanghrajka As New CFO And Key Managerial Personnel, Effective April 1, 2024",NEGATIVE
2023-12-11 14:34:50+00:00,"Infosys CFO Nilanjan Roy Resigns From The Company, Effective March 31, 2024; Company Appoints Jayesh Sanghrajka As New CFO And Key Managerial Personnel, Effective April 1, 2024",NEGATIVE
2023-12-21 10:12:22+00:00,Infosys Penned A 5-year Collaboration With LKQ Europe For Harmonizing Its Systems,POSITIVE
2023-12-22 18:30:21+00:00,$100 Invested In Infosys 20 Years Ago Would Be Worth This Much Today,POSITIVE
2023-12-21 10:12:22+00:00,Infosys Penned A 5-year Collaboration With LKQ Europe For Harmonizing Its Systems,POSITIVE
2023-12-22 18:30:21+00:00,$100 Invested In Infosys 20 Years Ago Would Be Worth This Much Today,POSITIVE
2023-12-25 15:45:13+00:00,How Is The Market Feeling About Infosys?,NEGATIVE
2023-12-25 15:45:13+00:00,How Is The Market Feeling About Infosys?,NEGATIVE
2024-01-03 16:42:54+00:00,JP Morgan Upgrades Infosys to Overweight,NEGATIVE
2024-01-03 16:42:54+00:00,JP Morgan Upgrades Infosys to Overweight,NEGATIVE
2024-01-10 14:00:15+00:00,Earnings Outlook For Infosys,POSITIVE
2024-01-11 19:00:37+00:00,$1000 Invested In Infosys 20 Years Ago Would Be Worth This Much Today,POSITIVE
2024-01-11 12:28:45+00:00,"Infosys Adjusts FY24 Revenue Outlook After Q3 Beat, Stock Ticks Higher",POSITIVE
2024-01-11 11:22:15+00:00,Infosys Ltd Expects FY24 Revenue Growth of 1.5%-2.0% in Constant Currency (Prior 1.0%-2.5%) Vs $18.59B Est and Reiterated Operating Margin of 20.0%-22.0%,NEGATIVE
2024-01-11 10:50:21+00:00,"Infosys Q3 EPS $0.18, Inline, Sales $4.66B Beat $4.63B Estimate",NEGATIVE
2024-01-11 10:48:36+00:00,"Infosys Ltd to Snap InSemi, a Semiconductor Design and Embedded Services Provider, Financial Terms Undisclosed",NEGATIVE
2024-01-11 09:03:54+00:00,"Earnings Scheduled For January 11, 2024",NEGATIVE
2024-01-11 08:19:10+00:00,"Infosys, Richardson Electronics And 3 Stocks To Watch Heading Into Thursday",NEGATIVE
2024-01-11 08:05:13+00:00,Investor Optimism Rises Ahead Of Key Inflation Reports; Nasdaq Surges Over 100 Points,POSITIVE
2024-01-10 14:00:15+00:00,Earnings Outlook For Infosys,POSITIVE
2024-01-12 13:27:41+00:00,"BMO Capital Maintains Market Perform on Infosys, Raises Price Target to $21",NEGATIVE
2024-01-11 19:00:37+00:00,$1000 Invested In Infosys 20 Years Ago Would Be Worth This Much Today,POSITIVE
2024-01-11 12:28:45+00:00,"Infosys Adjusts FY24 Revenue Outlook After Q3 Beat, Stock Ticks Higher",POSITIVE
2024-01-11 11:22:15+00:00,Infosys Ltd Expects FY24 Revenue Growth of 1.5%-2.0% in Constant Currency (Prior 1.0%-2.5%) Vs $18.59B Est and Reiterated Operating Margin of 20.0%-22.0%,NEGATIVE
2024-01-11 10:50:21+00:00,"Infosys Q3 EPS $0.18, Inline, Sales $4.66B Beat $4.63B Estimate",NEGATIVE
2024-01-11 10:48:36+00:00,"Infosys Ltd to Snap InSemi, a Semiconductor Design and Embedded Services Provider, Financial Terms Undisclosed",NEGATIVE
2024-01-11 09:03:54+00:00,"Earnings Scheduled For January 11, 2024",NEGATIVE
2024-01-11 08:19:10+00:00,"Infosys, Richardson Electronics And 3 Stocks To Watch Heading Into Thursday",NEGATIVE
2024-01-11 08:05:13+00:00,Investor Optimism Rises Ahead Of Key Inflation Reports; Nasdaq Surges Over 100 Points,POSITIVE
2024-01-12 13:27:41+00:00,"BMO Capital Maintains Market Perform on Infosys, Raises Price Target to $21",NEGATIVE
2024-01-16 13:15:00+00:00,"Wedbush Reiterates Outperform on Infosys, Maintains $22 Price Target",NEGATIVE
2024-01-16 13:15:00+00:00,"Wedbush Reiterates Outperform on Infosys, Maintains $22 Price Target",NEGATIVE
2024-01-24 07:25:32+00:00,Infosys Advances It's AI Footprint At Australian Open 2024 With AI-First Technologies For A More Immersive Experience,POSITIVE
2024-01-24 07:25:32+00:00,Infosys Advances It's AI Footprint At Australian Open 2024 With AI-First Technologies For A More Immersive Experience,POSITIVE
2024-01-31 10:29:30+00:00,Infosys Collaborates with Musgrave to Drive Cognitive First IT Transformation,POSITIVE
2024-01-31 10:29:30+00:00,Infosys Collaborates with Musgrave to Drive Cognitive First IT Transformation,POSITIVE
2024-02-06 11:15:16+00:00,HSBC Downgrades Infosys to Hold,NEGATIVE
2024-02-06 11:15:16+00:00,HSBC Downgrades Infosys to Hold,NEGATIVE
2024-02-22 15:04:46+00:00,"Uber Accelerates In India with Scooters and Bikes, Aims to Outride Local Rival Ola",POSITIVE
2024-02-22 15:04:46+00:00,"Uber Accelerates In India with Scooters and Bikes, Aims to Outride Local Rival Ola",POSITIVE
2024-02-27 10:12:32+00:00,"Infosys Topaz Showcases Responsible AI Suite of Offerings, to Help Enterprises Navigate the Regulatory and Ethical Complexities of AI-powered Transformation",POSITIVE
2024-02-27 10:12:32+00:00,"Infosys Topaz Showcases Responsible AI Suite of Offerings, to Help Enterprises Navigate the Regulatory and Ethical Complexities of AI-powered Transformation",POSITIVE
2024-03-01 14:29:40+00:00,"Jim Cramer Says This Is A 'Smart Consulting Company,' Calls Commercial Metals Company A Winner",POSITIVE
2024-03-01 13:07:15+00:00,PROG Holdings And Infosys Forge Strategic Collaboration To Bring AI-Powered Experiences To Customers And Intelligent Automation To Operations,POSITIVE
2024-03-01 14:29:40+00:00,"Jim Cramer Says This Is A 'Smart Consulting Company,' Calls Commercial Metals Company A Winner",POSITIVE
2024-03-01 13:07:15+00:00,PROG Holdings And Infosys Forge Strategic Collaboration To Bring AI-Powered Experiences To Customers And Intelligent Automation To Operations,POSITIVE
2024-03-06 10:04:14+00:00,Infosys and ATP Renew Partnership until 2026,POSITIVE
2024-03-06 10:04:14+00:00,Infosys and ATP Renew Partnership until 2026,POSITIVE
2024-03-19 12:00:35+00:00,Beyond The Numbers: 4 Analysts Discuss Infosys Stock,NEGATIVE
2024-03-19 08:57:38+00:00,"Guggenheim Initiates Coverage On Infosys with Neutral Rating, Announces Price Target of $20",NEGATIVE
2024-03-19 12:00:35+00:00,Beyond The Numbers: 4 Analysts Discuss Infosys Stock,NEGATIVE
2024-03-19 08:57:38+00:00,"Guggenheim Initiates Coverage On Infosys with Neutral Rating, Announces Price Target of $20",NEGATIVE
2024-03-27 10:11:37+00:00,Infosys And Handelsblatt Media Group Form Strategic Collaboration,POSITIVE
2024-03-27 10:11:37+00:00,Infosys And Handelsblatt Media Group Form Strategic Collaboration,POSITIVE
2024-04-03 07:29:56+00:00,Zand Bank Subscribes To Infosys Finacle's Corporate Banking Suite On Microsoft Cloud For Banking Services,NEGATIVE
2024-04-03 07:29:56+00:00,Zand Bank Subscribes To Infosys Finacle's Corporate Banking Suite On Microsoft Cloud For Banking Services,NEGATIVE
2024-04-10 13:19:44+00:00,What's Going On With Intel Stock Wednesday?,NEGATIVE
2024-04-10 10:18:05+00:00,Infosys Topaz and Intel Collaborate to Accelerate Enterprise Growth and Efficiency with Generative AI,POSITIVE
2024-04-10 13:19:44+00:00,What's Going On With Intel Stock Wednesday?,NEGATIVE
2024-04-10 10:18:05+00:00,Infosys Topaz and Intel Collaborate to Accelerate Enterprise Growth and Efficiency with Generative AI,POSITIVE
2024-04-15 10:50:22+00:00,Top 3 Tech Stocks That May Explode This Month,POSITIVE
2024-04-15 10:50:22+00:00,Top 3 Tech Stocks That May Explode This Month,POSITIVE
2024-04-17 10:03:42+00:00,Proximus Revamps Customer Service Operations Platform in Collaboration With Infosys,NEGATIVE
2024-04-18 13:23:16+00:00,Infosys Stock Falls After Q4 Earnings - What's Going On?,NEGATIVE
2024-04-18 12:29:02+00:00,Infosys To Acquire in-tech; Financial Terms Not Disclosed,NEGATIVE
2024-04-18 12:10:05+00:00,"Earnings Scheduled For April 18, 2024",NEGATIVE
2024-04-18 12:09:21+00:00,12 Information Technology Stocks Moving In Thursday's Pre-Market Session,POSITIVE
2024-04-18 11:38:38+00:00,"For FY24, Infosys Board Recommended a Final Dividend of $0.24/ADS and a Special Dividend of $0.10/ADS",NEGATIVE
2024-04-18 11:33:55+00:00,"Infosys Expects FY25 Revenue Growth of 1%-3% in Constant Currency Vs $19.5B Est, Operating Margin of 20%-22%",NEGATIVE
2024-04-18 11:30:34+00:00,"Infosys Q4 EPS $0.23 Beats $0.17 Estimate, Sales $4.56B Beat $4.52B Estimate",NEGATIVE
2024-04-18 11:28:55+00:00,Infosys to Snap Engineering R&D Services Provider in-tech Focused on German Automotive Industry for Terms Undisclosed,NEGATIVE
2024-04-17 10:03:42+00:00,Proximus Revamps Customer Service Operations Platform in Collaboration With Infosys,NEGATIVE
2024-04-19 16:23:41+00:00,"BMO Capital Maintains Market Perform on Infosys, Lowers Price Target to $18",NEGATIVE
2024-04-19 14:00:34+00:00,4 Analysts Have This To Say About Infosys,NEGATIVE
2024-04-19 13:06:43+00:00,"Susquehanna Maintains Negative on Infosys, Lowers Price Target to $14",NEGATIVE
2024-04-19 09:40:35+00:00,"HSBC Downgrades Infosys to Hold, Announces $20.1 Price Target",NEGATIVE
2024-04-18 13:23:16+00:00,Infosys Stock Falls After Q4 Earnings - What's Going On?,NEGATIVE
2024-04-18 12:29:02+00:00,Infosys To Acquire in-tech; Financial Terms Not Disclosed,NEGATIVE
2024-04-18 12:10:05+00:00,"Earnings Scheduled For April 18, 2024",NEGATIVE
2024-04-18 12:09:21+00:00,12 Information Technology Stocks Moving In Thursday's Pre-Market Session,POSITIVE
2024-04-18 11:38:38+00:00,"For FY24, Infosys Board Recommended a Final Dividend of $0.24/ADS and a Special Dividend of $0.10/ADS",NEGATIVE
2024-04-18 11:33:55+00:00,"Infosys Expects FY25 Revenue Growth of 1%-3% in Constant Currency Vs $19.5B Est, Operating Margin of 20%-22%",NEGATIVE
2024-04-19 16:23:41+00:00,"BMO Capital Maintains Market Perform on Infosys, Lowers Price Target to $18",NEGATIVE
2024-04-19 14:00:34+00:00,4 Analysts Have This To Say About Infosys,NEGATIVE
2024-04-19 13:06:43+00:00,"Susquehanna Maintains Negative on Infosys, Lowers Price Target to $14",NEGATIVE
2024-04-19 09:40:35+00:00,"HSBC Downgrades Infosys to Hold, Announces $20.1 Price Target",NEGATIVE
